cID,k_original,k_analyzed,k_conventional,n_outliers_identified,n_outliers_removed,residual_screen_fallback,pet_peese_method,pet_peese_estimate,pet_peese_se,pet_peese_p_value,small_study_effect_p_value,random_effect_estimate,random_effect_se,random_effect_p_value,random_effect_tau2,random_effect_fallback,pet_peese_vs_random_deviation,pet_peese_vs_random_percentage_deviation
10-1,341,328,328,13,13,FALSE,PEESE,-0.3196022674259813,0.08781400858243181,6.547658152653398e-4,1.7015501959604797e-16,1.7275404613851648,0.150117898101103,1.1376639307090192e-18,1.4315243265352717,FALSE,-1.4079381939591835,-81.49957847182809
1002-1,60,60,60,0,0,FALSE,PEESE,0.11431578869425352,0.03046437530313381,0.015087652659716521,0.45249429383676343,0.10247960235798059,0.02296320060410573,0.0030919981555482313,0.0032523363507304093,FALSE,0.011836186336272925,11.549797290320168
1009-1,13,13,13,0,0,FALSE,PET,-0.024314930795390176,0.11920827380381309,0.856443413519537,0.056549837788693574,-0.1416845153693357,0.1168382185512064,0.3519594744460943,0.008895442289673379,FALSE,-0.11736958457394553,-82.83868160750856
1023-1,279,279,279,0,0,FALSE,PET,-0.1515925429662821,0.1407343040835943,0.2956870104866121,0.5790242748053482,-0.18333295090210636,0.10801452550529216,0.10406100874066074,0.22938885479679466,FALSE,-0.03174040793582425,-17.312985897866533
1023-2,279,270,270,9,9,FALSE,PEESE,-0.3362208499529915,0.1349121769376581,0.026982865799048263,0.17545628090290047,-0.10323356038840167,0.14216777737397696,0.47927121003314654,0.25551425598797517,FALSE,0.23298728956458983,225.68948381515477
1062-1,41,41,41,0,0,FALSE,PEESE,-0.5438071188272047,0.1428339463055362,0.0053956105077292826,0.4961287331167715,-0.610871764887185,0.12405034155452291,2.198565851889048e-4,0.08295152546622543,FALSE,-0.0670646460599803,-10.978514626939047
1062-2,38,38,38,0,0,FALSE,PEESE,-1.255254714671872,0.16472018210110692,6.521014186223992e-7,0.5771727267211104,-1.2282525523151515,0.13238220892370436,1.7379102692514122e-8,4.0238466449268805e-7,FALSE,0.027002162356720483,2.198421025531248
1075-1,39,39,39,0,0,FALSE,PEESE,-0.11595449480610372,0.013036815217208387,1.0752044849820854e-6,0.13560427736323027,-0.10847694398845328,0.01249762688672381,1.540668981464181e-6,8.775803721031919e-10,FALSE,0.007477550817650433,6.893216699067752
1075-2,19,19,19,0,0,FALSE,PEESE,-0.07365464208368087,0.009829311608940497,1.7406996314702844e-5,0.5621294739111425,-0.06889315158685293,0.01305205130946112,2.461647268489955e-4,0.0010864748334580262,FALSE,0.004761490496827947,6.9114133802184705
1077-1,8,6,6,2,2,FALSE,PEESE,-1.5145917841320775,0.5889781493114327,0.0699137514140239,0.19522636842120228,2.153097397732613,2.352774731406869,0.40259087906830954,15.89952922123213,FALSE,-0.6385056136005354,-29.65521273087478
1077-2,8,7,7,1,1,FALSE,PET,-1.9085953016292652,0.726994288689907,0.10485626479512515,0.7674731953554168,-1.6363029514083638,0.20714392648344332,3.6371866005271064e-4,0.057676246835454394,FALSE,0.27229235022090137,16.640705193774764
109-1,35,35,35,0,0,FALSE,PET,2.134632383677872,1.6896681051034217,0.3063455122936036,0.32374758627736144,-0.36045093913934195,0.20922669501190477,0.11970230460192127,0.3466145850385218,FALSE,1.77418144453853,492.21163045788944
1108-1,13,5,5,8,8,FALSE,PEESE,0.3744967338762144,0.38046005707061414,0.4682922707280107,0.023363901196996908,-1.594591250194959,0.7071025279003184,0.11165127428478863,1.558574915475558,FALSE,-1.2200945163187447,-76.51456234753405
1108-3,24,13,13,11,11,FALSE,PET,1.1406518904253375,1.5071358653264748,0.4947233526131627,0.033740949653458446,-3.3482384677666768,1.47198243483484,0.08538584747227584,10.102733598035277,FALSE,-2.2075865773413392,-65.93277625215958
1111-1,146,146,146,0,0,FALSE,PET,-0.09229136760314906,0.08777561211466887,0.30625798503354196,0.9008154925137883,-0.10242111295227407,0.07731777918928184,0.1986114838311399,0.07422111646269332,FALSE,-0.010129745349125016,-9.890290250844325
1111-2,109,109,109,0,0,FALSE,PET,-0.20577738112219676,0.21144330604646094,0.3474163191213735,0.5645126578268851,-0.2942705566568781,0.12902820403776036,0.03784327212559393,0.21113929339511747,FALSE,-0.08849317553468136,-30.072045446892986
1111-3,432,414,414,18,18,FALSE,PEESE,-0.40758013535804255,0.06872643338259074,1.8680546608921891e-7,0.29934364442544736,-0.4097618158701573,0.068756342255519,1.6599279533038816e-7,0.18240141934540963,FALSE,-0.0021816805121147587,-0.5324265042807395
1117-1,882,877,877,5,5,FALSE,PEESE,0.41813853519140914,0.06434746159046244,1.3087186357153004e-8,0.594826314510505,0.41475314977380073,0.06249512337249101,7.429020043588024e-9,0.23032815576985916,FALSE,0.003385385417608411,0.8162410386647436
1117-2,1217,1212,1212,5,5,FALSE,PET,-0.0962317041024074,0.05986963326339238,0.11549653649512688,0.34215565271542303,-0.14636391715058217,0.042891434191263386,0.0013655350271696725,0.06198913398210805,FALSE,-0.050132213048174765,-34.25175687023854
1125-1,587,568,568,19,19,FALSE,PEESE,-0.7720780124036234,0.14474598628181878,1.3230821861015894e-5,0.7021177076385304,-0.7245384750158772,0.06768365215697814,3.238566666623356e-17,0.247160886773344,FALSE,0.04753953738774619,6.561354438313912
1125-2,353,349,349,4,4,FALSE,PET,-0.7325673302677489,0.7604337278030999,0.35034943033790045,0.827944962129185,-0.5658114131220962,0.0741262975064173,1.8466344533097782e-11,0.3212437466034562,FALSE,0.16675591714565274,29.47199601816243
1125-3,134,134,134,0,0,FALSE,PET,-0.6747889196446465,0.6644722197393931,0.3256532452654508,0.8943989851774324,-0.5883631736640126,0.12030106615078366,2.2777906583899778e-5,0.3229901362020234,FALSE,0.0864257459806339,14.689183458308646
1125-4,199,194,194,5,5,FALSE,PET,-1.1259153892509033,0.8561434137701444,0.2226541919021516,0.9997262686084015,-1.1253611108086579,0.16908118176922132,3.3971747287981623e-8,1.0252428118760937,FALSE,5.542784422454261e-4,0.049253385150934775
1138-1,71,71,71,0,0,FALSE,PET,-0.0317470109470642,0.22533869743405663,0.9042962859307162,0.6937960619188612,-0.13669339703215586,0.034226286417666785,0.06682369132268845,3.5756123547580825e-5,FALSE,-0.10494638608509166,-76.77502232269785
1138-11,66,66,66,0,0,FALSE,PET,0.026892399978609437,0.09025302675740719,0.8124696008555188,0.3706868795053918,-0.04617325608942585,0.04860311550584951,0.41978178487487267,0.0029056799982985953,FALSE,-0.019280856110816414,-41.7576271282976
1138-2,54,54,54,0,0,FALSE,PET,0.06133978875844741,0.13924229705333827,0.6842029214819276,0.15707181972102086,-0.061428616135058824,0.11565783197349286,0.6099614565491687,0.09765758737032164,FALSE,-8.882737661141532e-5,-0.1446026008727215
1138-3,71,71,71,0,0,FALSE,PET,-0.0011338658472624143,0.0034583914083255525,0.7882684179281627,0.08083166653340768,0.0052048754525099925,7.671745219097988e-4,0.05888348667398771,2.1984613105973696e-10,FALSE,-0.004071009605247578,-78.2153125928187
1138-4,54,54,54,0,0,FALSE,PET,-0.022918327599374733,0.008626885663739996,0.1534038781616312,0.0975456045189434,-0.003059511729383172,0.005867925259898029,0.650873973259744,1.031402173426532e-10,FALSE,0.01985881586999156,649.0844823136304
1138-5,71,71,71,0,0,FALSE,PEESE,0.20247878520810994,0.054201980122304746,0.006416657992746729,0.2545569663479959,0.22762873730203054,0.04991395324196653,0.0015404587710221363,0.01860569009723796,FALSE,-0.025149952093920597,-11.04867179426042
1138-6,54,54,54,0,0,FALSE,PEESE,0.1577032474404823,0.029839583338041355,0.0017273038392635548,0.9708540809992892,0.15720955047101945,0.030999212871863354,0.0017504203470279612,0.004522985717423691,FALSE,4.93696969462859e-4,0.3140375174305131
1138-7,53,53,53,0,0,FALSE,PET,-0.027293484134723506,0.11000032181969675,0.8312740295880424,0.6068882428336257,-0.10329629371011095,0.018924806421216883,0.08521051442067275,4.841915555451362e-9,FALSE,-0.07600280957538745,-73.57747973870244
1138-8,49,49,49,0,0,FALSE,PET,0.06751206258175729,0.027804832981583816,0.21141417218190253,0.12579899727506602,-0.1164921327083394,0.02338842641866839,0.08802274669810237,5.164295378518127e-9,FALSE,-0.048980070126582106,-42.045818020357814
1138-9,66,66,66,0,0,FALSE,PET,-0.5148242614305926,0.10414734229273213,0.1188807901446345,0.27741032327034426,-0.2679328469043921,0.031055631686981576,0.02343837793029615,1.045043058181846e-8,FALSE,0.24689141452620045,92.14675146354863
1187-1,210,210,210,0,0,FALSE,PEESE,0.12554904865868755,0.060008405807473984,0.04508812344743236,0.2819287208293816,0.1279979731946152,0.06031575864306344,0.04229576913399473,0.09723937355545433,FALSE,-0.0024489245359276546,-1.9132525889329313
1187-2,56,56,56,0,0,FALSE,PEESE,-0.1534190847230032,0.06701324657903551,0.03770523218101342,0.34457413087825256,-0.1489437322124884,0.06401568929807884,0.034874725423360654,0.04306972036843301,FALSE,0.004475352510514785,3.0047269824889904
1187-3,73,73,73,0,0,FALSE,PET,-0.0023992318824002756,0.07555015498442934,0.9751566711053627,0.7478036081922995,-0.021643460854790086,0.08220390189582588,0.7961798221062237,0.08537887569742117,FALSE,-0.01924422897238981,-88.9147493624187
1192-1,46,46,46,0,0,FALSE,PET,-0.01885261361202517,0.2837510840370681,0.9486276425726943,0.9374021369675978,-1.9729534808003713e-4,0.14179075698905816,0.9989143894493409,0.15277162457164886,FALSE,0.018655318263945134,9455.528701253108
1192-2,84,84,84,0,0,FALSE,PEESE,-0.03965886131405567,0.02536508248126404,0.13287713634522577,0.14686046133641223,-0.022081762842275886,0.025590319287854033,0.39631570666751137,0.011872295195592375,FALSE,0.01757709847177978,79.60006905847276
1197-1,359,359,359,0,0,FALSE,PEESE,0.14721882504932823,0.05365341743489614,0.012510494242100304,0.55160164032441,0.12967219852848463,0.03448689274505239,0.001202195881017131,0.02265285267686509,FALSE,0.0175466265208436,13.531525431019197
1197-10,111,111,111,0,0,FALSE,PET,0.19284051512899142,0.10116948810468343,0.19955385749761412,0.3107720318600028,0.23464812674509813,0.08206554372400915,0.0771214661380091,0.011767739093093848,FALSE,-0.041807611616106716,-17.817151236635684
1197-11,162,162,162,0,0,FALSE,PET,0.10807227454812691,0.11061262144060256,0.39712831261572873,0.6882542319859188,0.16135311443595132,0.050317363068159815,0.03148988145994218,0.008242827661908717,FALSE,-0.05328083988782441,-33.02126523809622
1197-12,274,272,272,2,2,FALSE,PET,0.0145119575212788,0.080798829852253,0.8601394044563726,0.47059648679822697,0.0628512670654855,0.07294669733636139,0.40260785427123036,0.072963821330673,FALSE,-0.04833930954420669,-76.9106364933604
1197-13,163,163,163,0,0,FALSE,PET,-0.029148044397306835,0.08978083639987346,0.7525614992251326,0.2751279420973027,0.07486202638364359,0.07407985867278653,0.3324532515600729,0.06091172832164436,FALSE,-0.04571398198633675,-61.06431283607984
1197-14,255,253,253,2,2,FALSE,PET,0.35490445427642797,0.1590611559901683,0.18152407533641876,0.32151157295162275,0.0884641469346048,0.08508374108219459,0.31644231898478825,0.08958191782558064,FALSE,0.26644030734182317,301.1845098543519
1197-15,163,163,163,0,0,FALSE,PET,0.10658873187230612,0.12571178263108018,0.41552082102925214,0.9010341869649408,0.08206212186902637,0.07372604599068323,0.28785234498491574,0.0585350164350752,FALSE,0.024526610003279756,29.887857448318197
1197-18,90,90,90,0,0,FALSE,PET,0.022914842257467653,0.10620898450085782,0.8360918968266279,0.5798298238933666,0.084322924128071,0.04520799325240206,0.09234029504714077,0.01634020638130376,FALSE,-0.06140808187060336,-72.8248960832238
1197-2,350,350,350,0,0,FALSE,PET,-0.08231143594695173,0.050577247472302835,0.1258933383272291,0.5027094069027447,-0.05465531593618491,0.03291157036021546,0.11601744908531472,0.014663265103811215,FALSE,0.027656120010766817,50.60096998260494
1197-5,129,129,129,0,0,FALSE,PET,-0.08207591986438309,0.044501965938011444,0.13910219191856338,0.30809611040682955,0.002087752293123412,0.02125605347899778,0.9243785323156133,0.0026003211444311012,FALSE,0.07998816757125968,3831.305458732953
1197-6,365,365,365,0,0,FALSE,PET,0.02482117994727606,0.037902698464242865,0.5272450264316341,0.6023780859122173,0.01123200732578414,0.026293460287803952,0.6778353604336032,0.005839295011349737,FALSE,0.013589172621491919,120.98614457183163
1197-7,220,220,220,0,0,FALSE,PET,0.11026494229864747,0.07560440481325953,0.1988719612094072,0.6860275952914807,0.15600190141085546,0.06853152928761311,0.053306385615175436,0.03377485224350713,FALSE,-0.04573695911220799,-29.318206187598022
1209-10,141,141,141,0,0,FALSE,PEESE,0.6836940295858248,0.09259680362604496,3.748935384346044e-6,0.1759335724169576,0.6534660777011745,0.0878521197431826,2.976972753036661e-6,0.06387180401089627,FALSE,0.030227951884650328,4.625787461070529
1209-2,144,144,144,0,0,FALSE,PET,0.14451950935598373,0.2686081335288416,0.6011823067390545,0.1980095690570598,-0.31082877430395306,0.15036326659908364,0.062057527906489746,0.21278278930040428,FALSE,-0.16630926494796933,-53.50510592862259
1209-5,153,151,151,2,2,FALSE,PET,-0.11058543484270977,0.1281402415095235,0.40336438014525045,0.04869686235511756,-0.2831462206791389,0.13287978080597976,0.04972197514415812,0.2229025141618235,FALSE,-0.17256078583642914,-60.944054073027836
1209-7,87,85,85,2,2,FALSE,PEESE,1.094326161974268,0.24945478300728402,0.002101751823523246,0.9548676382464735,1.100275765561572,0.25507656339106655,0.0017641930728324584,0.530278225702361,FALSE,-0.00594960358730412,-0.5407374926837082
1209-9,77,77,77,0,0,FALSE,PET,-0.0030269660462067336,0.09287526258567812,0.9755790230217138,0.07404962299120382,-0.23790882365436958,0.08303976539816434,0.04632619539465697,0.027545448527559083,FALSE,-0.23488185760816285,-98.727678108062
125-1,215,215,215,0,0,FALSE,PET,-0.05309747414258835,0.06254252709006541,0.4095810612603913,0.28917318409698356,0.030947518898884047,0.01459307526811056,0.05061980233769784,0.0024910772240592763,FALSE,0.022149955243704302,71.57263661773875
125-2,199,199,199,0,0,FALSE,PET,0.02559370623300623,0.02801563482094586,0.3752466940927752,0.14048132384356982,0.0761181941490403,0.025546866129180418,0.008359414231591833,0.009818471148166674,FALSE,-0.05052448791603406,-66.37636176326849
125-3,81,81,81,0,0,FALSE,PEESE,0.044026888302417834,0.018965766124088176,0.0459759702827779,0.8014055702507924,0.042670582187255335,0.018215627627240473,0.04341207176387583,0.0019502365686630623,FALSE,0.0013563061151624992,3.178550761764846
125-4,66,66,66,0,0,FALSE,PET,0.0224370579357494,0.03429116225609951,0.5475781320467376,0.5013525508615059,0.010052191123179184,0.02759767926926395,0.7287500189432055,0.0042707763614904795,FALSE,0.012384866812570217,123.20564403130133
127-1,9,8,8,1,1,FALSE,PEESE,1.921104183677206,0.32966227186865055,0.01038788464732993,0.6094647096993503,1.831437419383231,0.28157128594821007,0.005094196935411244,5.807680439950611e-8,FALSE,0.08966676429397502,4.895977517166374
127-2,8,7,7,1,1,FALSE,PEESE,1.1792449689329088,0.13874189367630207,0.012887319450897727,0.22570859653526376,0.8750527729633488,0.1839436392659081,0.02286868300805261,5.486216362750232e-8,FALSE,0.30419219596955993,34.76272578845949
127-3,7,6,6,1,1,FALSE,PET,-1.0329319829357586,1.052279943499443,0.43958322968466157,0.08870296022824925,1.093769728955953,0.8326094375591788,0.3017181844135784,2.2630913701975817e-6,FALSE,-0.06083774602019432,-5.562207876996777
127-8,8,6,6,2,2,FALSE,PEESE,2.822826173819363,0.5067603252415819,0.021532226386890212,0.41284379496896784,2.4510075753938527,0.596802972283636,0.03150185781692578,9.997482475097683e-4,FALSE,0.37181859842551024,15.17003056858209
127-9,7,6,6,1,1,FALSE,PET,4.34972794600198,1.638772492752946,0.13175179797147693,0.1619088821665464,2.2038691559172334,0.2822025551836217,0.011705098780030414,4.781087612852907e-8,FALSE,2.145858790084747,97.36779446834525
128-1,43,43,43,0,0,FALSE,PET,-0.012225895599485148,0.27056351253995425,0.9652060794091195,0.1388712107215573,-0.6348396670492991,0.17130963631065899,0.005107413210998866,0.19436091437450606,FALSE,-0.6226137714498139,-98.07417585351739
128-4,234,233,233,1,1,FALSE,PEESE,-0.18981355586101195,0.03366823668693766,1.7389645219913599e-6,0.36119279647332087,-0.19801044640306248,0.03452206791308184,1.1533187234356355e-6,0.025966422214020464,FALSE,-0.008196890542050528,-4.139625303083885
128-5,147,145,145,2,2,FALSE,PET,0.03642355478862454,0.02799314998861493,0.20674544860763275,1.7875315567148376e-4,-0.15582321318243963,0.04021572584549892,5.41622532133028e-4,0.03650914176112238,FALSE,-0.1193996583938151,-76.62507783998818
1293-1,34,32,32,2,2,FALSE,PET,-0.6023488380119066,1.5388748636649305,0.7210214391091412,0.7799600819659571,-0.07524267180531664,0.22456240098875713,0.7505608900678726,0.19590720087691454,FALSE,0.52710616620659,700.5415325633675
1306-1,17,17,17,0,0,FALSE,PET,0.20047925875987435,0.2576856856846054,0.5116311538865194,0.6221432810444609,0.09939426718650501,0.1648675238731069,0.5804981541377865,0.10007137364445257,FALSE,0.10108499157336934,101.70102807206356
1307-1,67,10,10,57,57,FALSE,PEESE,12.22410515807886,1.2558026292283457,1.6449034292488087e-5,0.16679503343747995,20.55660150242537,6.294931465225152,0.009776224861611608,196.4361180804737,FALSE,-8.33249634434651,-40.53440615348505
134-11,6,6,6,0,0,FALSE,PET,0.008524183111286889,0.024460502604397076,0.7608510535881804,0.9115067460361601,0.0054257600780052186,0.017072345679182258,0.7700953003335853,4.683305202122886e-4,FALSE,0.0030984230332816703,57.105787737315616
134-12,5,5,5,0,0,FALSE,PET,0.020471025277889604,0.017676045587893464,0.3902510956320183,0.28571680450938874,-0.004781242095968294,0.015134429046324938,0.7872094230348182,1.71279574106137e-4,FALSE,0.01568978318192131,328.1528704675187
134-15,5,5,5,0,0,FALSE,PET,0.04396298182840786,0.038230268336114474,0.34651980605791177,0.28224702080079583,-0.0030203496630364125,0.030093844225330048,0.9250068486343849,0.002110001299849454,FALSE,0.040942632165371445,1355.5593468675104
134-2,10,10,10,0,0,FALSE,PET,0.04391504579451701,0.05107892949962445,0.43999762057260045,0.9183733231054808,0.04670203275873704,0.035482167479337245,0.23148912666141036,2.621714159133497e-9,FALSE,-0.0027869869642200354,-5.967592414269471
134-3,7,7,7,0,0,FALSE,PET,0.167525062846966,0.07313553590268747,0.10931324913086954,0.35646528965795166,0.11716141959378396,0.0608746074944386,0.11608140194583072,0.008175138682862427,FALSE,0.050363643253182044,42.986542351398846
134-5,5,5,5,0,0,FALSE,PET,-0.017669668230684027,0.009188285003358724,0.270681419356162,0.45898425882023386,-0.01188836744638479,0.002962643312644637,0.09527096871958719,2.4529918255892477e-11,FALSE,0.005781300784299236,48.62989649648917
134-8,5,5,5,0,0,FALSE,PET,0.18977779704324807,0.23385137489189123,0.5019172173339446,0.41576117602171425,0.3178614113515771,0.13923206738963653,0.08927414797671224,0.03863983854153031,FALSE,-0.128083614308329,-40.2954274203041
1346-1,9,9,9,0,0,FALSE,PET,-0.07954853050071486,0.5266900263877166,0.8924414213030468,0.83523394891445,0.005489439692916043,0.144169673342711,0.970899982555804,2.5812222385045836e-8,FALSE,0.07405909080779882,1349.119308175839
1349-1,8,8,8,0,0,FALSE,PET,-0.5843756557326661,0.8954547079238312,0.5629774695290986,0.5545327243460173,-0.1390323307814231,0.30968291541698206,0.6700717028875169,0.042928251797814364,FALSE,0.44534332495124307,320.3163770960444
1349-2,8,6,6,2,2,FALSE,PET,0.18280144416548927,0.9132895311961409,0.8568120875082517,0.2637613751604537,-1.249289603205636,0.421697657875375,0.06881638318919842,7.925183254912447e-7,FALSE,-1.0664881590401467,-85.3675686008731
1349-4,5,5,5,0,0,FALSE,PET,-0.7109150422525775,1.1804660195444432,0.6081855726084432,0.7451401131328539,-0.3696917446897047,0.4347888064564846,0.45362525901532735,0.12068108344397012,FALSE,0.3412232975628728,92.29940956600844
1349-5,5,5,5,0,0,FALSE,PET,-0.32472215001668037,1.5144605600891687,0.8565525673312073,0.7404787822034031,-0.8719543111184374,0.5423441841451682,0.19188452562181663,0.3679498566291355,FALSE,-0.547232161101757,-62.75927008146033
135-1,41,7,7,34,34,FALSE,PEESE,28.143826796670023,0.2889740763512155,2.337247164026693e-4,0.002181025136936787,30.106821687889518,1.5147523614259386,0.00260576993096003,3.268052627801837e-6,FALSE,-1.9629948912194948,-6.52010003436899
135-2,6,6,6,6,0,TRUE,PEESE,33.2228093827006,13.916478680977102,0.07539040675518138,0.9542683872916232,33.304820952529745,13.851985919031685,0.07339170879432345,477.71308707656567,FALSE,-0.0820115698291417,-0.24624534071519255
135-3,27,23,23,4,4,FALSE,PEESE,1.6434133675986304,0.5159526794028636,0.010583805689973193,0.396966793157784,2.1809016669893757,0.5280014994240676,0.0017188655793235262,2.733161673165178,FALSE,-0.5374882993907453,-24.645233094471454
135-4,27,18,18,9,9,FALSE,PEESE,7.659607396697141,0.6940288507460287,9.603272960954946e-5,0.8038173155621745,7.66623597000261,0.6802568643822422,7.195874498169854e-5,2.825780216194366,FALSE,-0.006628573305468954,-0.08646450919859563
135-5,20,9,9,11,11,FALSE,PEESE,22.7620619444033,0.2921071751635369,0.00778188007189247,0.07245290344494859,22.95644734984601,0.843430768629399,0.022586578506923062,4.662088177646826e-5,FALSE,-0.1943854054427092,-0.8467573509104541
135-6,35,6,6,29,29,FALSE,PEESE,15.691881300842276,0.5860209988079533,0.023658766297556002,0.3301829026974465,16.900825268340384,0.8103669557407757,0.03044211447550666,9.999912850953074e-4,FALSE,-1.208943967498108,-7.153165294021308
135-7,96,96,96,0,0,FALSE,PEESE,0.01222436496457064,0.0024811246535607575,1.1507321342240562e-4,0.34096861367720666,0.012996804023121467,0.002565773338457565,7.574270591576049e-5,3.819389705425185e-5,FALSE,-7.724390585508271e-4,-5.9433000388145345
1350-1,19,19,19,0,0,FALSE,PEESE,0.1459629212748449,0.03264588149922178,5.839754625378471e-4,0.38354827151285065,0.1607379976790724,0.029983323741094917,8.299722987949858e-5,0.0058723303764576405,FALSE,-0.01477507640422751,-9.192024672179414
1350-2,12,12,12,0,0,FALSE,PET,0.006819958809025339,0.06037011437371483,0.9139917747194082,0.1762135462314317,0.09237172483995149,0.03588792156976701,0.028895743416212444,0.005570928238472394,FALSE,-0.08555176603092615,-92.61683288815708
1350-3,16,16,16,0,0,FALSE,PET,0.025693555038179005,0.02603744103916024,0.35058673241429916,0.07908215042253405,0.05616767298329161,0.019264224215152705,0.013802038796645653,0.0018633427676843163,FALSE,-0.030474117945112605,-54.25561773616266
1369-1,16,16,16,0,0,FALSE,PET,0.023683601290036202,0.03921967609552798,0.5627812687847816,0.13563800178547825,0.09830937446136553,0.03622331288611406,0.017227940227147583,0.016334444187975063,FALSE,-0.07462577317132933,-75.90911200503713
1370-1,16,16,16,0,0,FALSE,PET,0.03165798697781208,0.11191864305556369,0.7934354360472398,0.044821708236407555,0.23894725173956044,0.07533596343299599,0.017879288609659195,0.021046609989903264,FALSE,-0.20728926476174836,-86.75105624888393
1408-1,16,16,16,0,0,FALSE,PET,0.036515475927508284,0.02826643570243077,0.2963183073304684,0.10453154665744277,0.1675326354774749,0.04358572711482903,0.01022982084753842,0.003288444293144661,FALSE,-0.13101715954996662,-78.2039625751498
1408-2,20,20,20,0,0,FALSE,PEESE,0.7800695060310034,0.046493091258112434,1.53828819643357e-5,0.3209148675804589,0.697819806159314,0.059638017568465235,1.4463832778480517e-5,0.016123587706095826,FALSE,0.0822496998716894,11.786667438457828
1408-4,40,40,40,0,0,FALSE,PEESE,0.2449047339299048,0.05475382071203965,0.0015952546176341658,0.3817981657727072,0.26602956092557134,0.059168840397626384,0.0012483661036947213,0.027894750368283015,FALSE,-0.021124826995666535,-7.9407818146859075
1412-1,10,10,10,0,0,FALSE,PET,-0.0819926224113538,0.039472618273004405,0.19871482816925778,0.023485561293114007,0.24122556655705504,0.10191876010868671,0.06120989435863034,4.3655632775393434e-8,FALSE,-0.15923294414570124,-66.00997830304162
1412-2,11,11,11,0,0,FALSE,PET,-0.025909412800858317,0.04318036093872288,0.6222893878530975,0.1379939663255389,0.10521672034297272,0.03630355305244295,0.026214232451720755,0.004202457791394785,FALSE,-0.0793073075421144,-75.37519444019739
142-1,992,992,992,0,0,FALSE,PEESE,0.17745452625900413,0.010651088503940241,1.0449661968149878e-34,0.8404590988974628,0.17648430311105184,0.009594507087247529,5.115835206746218e-41,0.010075004776984768,FALSE,9.702231479522816e-4,0.5497503918757997
142-10,131,131,131,0,0,FALSE,PET,0.07751938278670183,0.04943274295886797,0.13560410859469096,0.9701497453574425,0.07928981815517917,0.029084892403922265,0.01281589460334885,0.009853977864306451,FALSE,-0.0017704353684773466,-2.2328659715329446
142-11,32,32,32,0,0,FALSE,PET,0.07525075533648598,0.1431557327075045,0.6143421326441434,0.9565454381144936,0.07076363228506892,0.05810745253550899,0.25338437264139,0.008591780855806462,FALSE,0.004487123051417061,6.341001594351228
142-12,109,109,109,0,0,FALSE,PET,0.0448567533960315,0.04193798487555315,0.3032949365118076,0.4721505356399085,0.06871991922620718,0.02778088414059548,0.022840283250742395,0.009273049784249135,FALSE,-0.023863165830175684,-34.725253025436
142-13,214,214,214,0,0,FALSE,PET,0.006713846918278392,0.011665896796351544,0.5751816297838044,0.10816961128769695,0.026142309415483886,0.00856484392954099,0.00611228560816067,0.0010872478423626982,FALSE,-0.019428462497205493,-74.31808027525742
142-14,68,68,68,0,0,FALSE,PET,-0.08449374366736954,0.1395376324856597,0.5643803573363417,0.5415256195109384,-0.14285931712649724,0.09085158922764743,0.14254367508961305,0.0859490523450042,FALSE,-0.0583655734591277,-40.85527960871246
142-2,102,102,102,0,0,FALSE,PEESE,0.15194465019052716,0.02055079845435122,4.2688297316719123e-7,0.8485710947095255,0.1554188578937748,0.02059569376192115,1.2877399352103817e-7,0.005605445742498556,FALSE,-0.0034742077032476337,-2.23538362739879
142-3,91,91,91,0,0,FALSE,PET,-0.037735944729328,0.022034995950650314,0.12269412467760997,0.10495655164721551,0.00480308224694485,0.012649938329518638,0.7097268644073598,0.0010532293897442036,FALSE,0.032932862482383155,685.6610149312169
142-4,183,183,183,0,0,FALSE,PET,-0.003031308643913625,0.020412106875012926,0.8850579722877217,0.24475453381762907,0.021354209658653124,0.012625445518044813,0.09957330908330614,0.0038345326766403517,FALSE,-0.0183229010147395,-85.80463200292088
142-5,144,144,144,0,0,FALSE,PEESE,0.3694745952447943,0.058360803527368485,4.718669521741404e-7,0.46961441489437883,0.38803232008829946,0.0521497791195948,1.1873748813711735e-8,0.08064890568100605,FALSE,-0.018557724843505152,-4.782520393992494
142-6,45,45,45,0,0,FALSE,PEESE,0.251681656905129,0.05097711617896479,0.0010827433760075996,0.0687824875310364,0.3062211382709666,0.049686013544925176,4.6068506010561475e-5,0.01919601825159985,FALSE,-0.05453948136583758,-17.81048874476363
142-7,21,21,21,0,0,FALSE,PEESE,0.20019461384734366,0.0653923712881944,0.02904059755400916,0.8712066255194904,0.19749861448271355,0.0616025201768039,0.023159015500341818,0.017524111527126452,FALSE,0.0026959993646301084,1.3650725457955457
142-8,363,363,363,0,0,FALSE,PEESE,0.09985643382604378,0.017392511636248064,4.0280020006563914e-7,0.5689375255817264,0.09521479436275182,0.014926453987005789,2.8558861289127914e-8,0.0058146531742493315,FALSE,0.004641639463291963,4.8749141290040745
142-9,188,188,188,0,0,FALSE,PEESE,0.09233338623743091,0.034892399323541094,0.011511506024936065,0.4719537567713209,0.07885569643919169,0.02746749719745756,0.00628389351077902,0.01759088021573853,FALSE,0.013477689798239226,17.091586793139708
1421-1,31,31,31,0,0,FALSE,PEESE,0.1948137960733552,0.04981093927575798,0.002965746403224293,0.42616878327006347,0.17242222358893866,0.0413327376926822,0.0010691828511811578,0.006876932731062283,FALSE,0.022391572484416533,12.986477043585126
1421-2,25,25,25,0,0,FALSE,PET,0.17482972951796105,0.1001579805129933,0.11104762383093877,0.42171542314524374,0.2301823515263334,0.04620897634120293,1.7225960015763308e-4,0.023608143946644122,FALSE,-0.05535262200837235,-24.04729191501021
1421-3,32,32,32,0,0,FALSE,PEESE,0.23253101600160114,0.045438900168671525,1.6252790816692695e-4,0.9150391231877283,0.23528046286174348,0.034681311237114466,1.8643196842669781e-6,0.008134215476047766,FALSE,-0.002749446860142335,-1.1685827317323738
1471-1,180,180,180,180,0,TRUE,PEESE,8756.186385336967,3127.2523264339807,0.006839288220416802,0.2118674106642489,14347.10985696305,4602.704154295507,0.0027829643930832007,465091272.1173862,FALSE,-5590.9234716260835,-38.96898767323966
1491-1,63,62,62,1,1,FALSE,PET,-0.0970108172778627,0.78647324948197594,0.9053755495301545,0.47728519457577345,0.47315422021720294,0.16298908014766886,0.007207236072104869,0.45493153849292534,FALSE,-0.37614340293934023,-79.49699841347085
1491-2,10,10,10,0,0,FALSE,PET,0.3169729679959411,0.25273032104819454,0.34133552050973315,0.826204834860975,0.3868757349799046,0.09772704974098212,0.024066972729783892,1.194126167109785e-9,FALSE,-0.06990276698396347,-18.06853226077733
1491-3,22,21,21,1,1,FALSE,PEESE,1.8075076874002323,0.6530595636966811,0.061284367264606184,0.11038628993031882,0.2800339550728772,0.272499966725051,0.32558835318296053,0.3893275894471263,FALSE,1.527473732327355,545.460186044167
1491-4,23,23,23,0,0,FALSE,PET,0.5506284972247842,0.9670898526896657,0.6024849782156451,0.412276513374526,-0.3499893031027744,0.24307929950934354,0.1760842204985317,0.5125633239126849,FALSE,0.20063919412200987,57.32723610215372
1491-5,13,13,13,0,0,FALSE,PET,0.6593763458011194,1.7460439798918947,0.7381983445624691,0.5625693647364586,-0.9191636540558252,0.6130960153219275,0.19418113718537464,2.0544877573212634,FALSE,-0.25978730825470586,-28.263444394084768
1491-6,13,13,13,0,0,FALSE,PET,-0.934395236337099,0.5216553774010806,0.22151210718288447,0.16457009350022778,-0.057828096347516206,0.1456462627107874,0.709859245384884,3.452644249087133e-7,FALSE,0.8765671399895828,1515.8153135836928
1491-8,11,10,10,1,1,FALSE,PET,0.5798345082291775,1.2851223164186816,0.7105358447121802,0.9059479518951684,0.3703739791643465,0.33171469552732724,0.3206767631156738,0.2614034744733708,FALSE,0.20946052906483098,56.55379180184977
15-1,21,11,11,10,10,FALSE,PET,0.42489300485416903,0.2700519141984279,0.215390829749176,0.007711042018522726,2.4012079952124292,0.5531175222099227,0.0024626672056554176,2.3140025946457845,FALSE,-1.9763149903582602,-82.30503123005886
15-2,9,5,5,4,4,FALSE,PET,0.0034238765246252245,0.1090818659549538,0.97869810495219,0.01857596145175843,2.0133636206752947,0.8770213407169009,0.10787568926613587,1.3631332549253572,FALSE,-2.0099397441506697,-99.8299424659577
15-3,9,5,5,4,4,FALSE,PET,0.0034238765246252245,0.1090818659549538,0.97869810495219,0.01857596145175843,2.0133636206752947,0.8770213407169009,0.10787568926613587,1.3631332549253572,FALSE,-2.0099397441506697,-99.8299424659577
15-4,11,6,6,5,5,FALSE,PET,-0.531023472555708,0.8843678946101141,0.5942437752373481,0.9394233068530242,-0.4724209038551787,0.6862031816735509,0.5258485260299612,1.0401196895730602,FALSE,0.05860256870052932,12.404736586019917
1500-1,14,14,14,0,0,FALSE,PET,0.014644268404100396,0.008078176794842237,0.12998685312729177,0.22926314122566888,0.030731622064878533,0.007673955755699807,0.0045378143483022935,3.999217456214008e-4,FALSE,-0.01608735366077814,-52.347883319714136
1501-1,43,43,43,0,0,FALSE,PET,0.35482288547265045,0.15445256951523714,0.1259929029251626,0.40198077669114063,0.5260827613889143,0.06399542354601884,6.292164756525026e-4,0.0030970877983151623,FALSE,-0.17125987591626385,-32.55378972390572
1501-10,82,82,82,0,0,FALSE,PEESE,0.21889150527575435,0.02420544736573048,0.004950523127397774,0.2051713526389443,0.3149200815682308,0.04329611524106746,1.8738191888325331e-4,0.006912659905770969,FALSE,-0.09602857629247646,-30.492998672639693
1501-11,48,48,48,0,0,FALSE,PET,0.005385026942013493,0.07175262238714904,0.9439333469437035,0.007370944456977828,0.37228534468674135,0.06796110068779533,0.0015905992495990086,0.02067450026913486,FALSE,-0.36690031774472787,-98.55352164170074
1501-2,71,71,71,0,0,FALSE,PET,0.07989910727268275,0.16268595048889467,0.6636828839714025,0.36957982657774,0.2461237245086155,0.04821929106530075,0.008493139047900198,0.006515230161862711,FALSE,-0.16622461723593274,-67.53701520152077
1501-3,56,56,56,0,0,FALSE,PET,0.15132979928650994,0.09321095208994684,0.14905173540638875,0.0926937133879016,0.36518005836302575,0.060696814979422295,7.513768455349951e-5,0.030357994901704714,FALSE,-0.2138502590765158,-58.56022369762785
1501-5,41,41,41,0,0,FALSE,PET,0.20183047689563086,0.1404746553535772,0.1993501052283662,0.15372709075733107,0.4619476662870968,0.06768282944150514,7.622202174915908e-6,0.038432199609049526,FALSE,-0.260117189391466,-56.308800406365776
1501-7,25,25,25,0,0,FALSE,PET,0.15191615686208432,0.08494975180536346,0.13852840306461947,0.11270556134715937,0.32775939633868256,0.04445057557622024,1.392823746205106e-4,7.057815850899967e-4,FALSE,-0.17584323947659825,-53.650098651907065
1501-8,18,18,18,0,0,FALSE,PEESE,0.5348758835300501,0.09576164112118178,0.03880148156740315,0.9263138160269199,0.5240482120217091,0.05843640841605107,2.08459926451942e-4,1.7955611332603148e-9,FALSE,0.010827671508340964,2.0661594219679196
1503-1,94,90,90,4,4,FALSE,PEESE,0.3609176094998991,0.23981038205595606,0.16033467057727468,0.02358599341013922,-0.5029278426205518,0.18303648429254216,0.013144448160663146,0.532482309743107,FALSE,-0.1420102331206527,-28.236701388552145
1503-2,93,92,92,1,1,FALSE,PEESE,-0.029372873370744474,0.2165989318310793,0.8936318760124563,0.3848717719419223,-0.3528538375266818,0.2031180453172198,0.09758853771325508,0.7247592778870954,FALSE,-0.32348096415593736,-91.6756259258415
1503-3,49,49,49,0,0,FALSE,PEESE,-0.36285468452885705,0.16738665146781895,0.09074303108799496,0.22254355779975757,-1.142685551785275,0.44186952928123213,0.03575725239059833,0.9933314115508777,FALSE,-0.7798308672564179,-68.24544740572321
1503-4,53,53,53,0,0,FALSE,PET,0.3827632390933659,0.3197880806420593,0.2794220164170078,0.12701042629575246,-0.31817150299478164,0.20088758197255518,0.14994094652529083,0.029330548958460687,FALSE,0.06459173609858426,20.300918055393428
1520-2,13,13,13,0,0,FALSE,PET,0.15304429913352435,0.3001805168439698,0.6657480424265654,0.49547916331828223,-0.17977329379982399,0.1998994161926103,0.42263916115086,3.222252344882478e-7,FALSE,-0.026728994666299632,-14.868167624531672
1520-6,41,41,41,0,0,FALSE,PET,0.018284108221913564,0.10778732368553083,0.8674229867594014,0.08628858970659856,0.1661658488193057,0.0976137571060753,0.10549934894669097,0.12592577272087854,FALSE,-0.14788174059739215,-88.99647048305556
1525-1,15,15,15,0,0,FALSE,PET,0.0768305476650384,0.14884790283998986,0.6411393974793937,0.14776593434244742,0.36451119483981265,0.07747194490123853,0.001448202279721206,0.022252797400467077,FALSE,-0.28768064717477426,-78.92230780489412
1525-2,13,13,13,0,0,FALSE,PEESE,-0.6887705832881477,0.2532811102263306,0.03768902041459028,0.007261153057840428,0.2250652785027289,0.07742609050893504,0.022856211363654504,2.797895149387224e-9,FALSE,0.46370530478541877,206.0314713447887
1525-3,13,13,13,0,0,FALSE,PET,-0.029391059502266337,0.14917251643436022,0.857383761160551,0.07624704188398174,0.4077739349625713,0.11375008523804406,0.007491798207421595,0.09554703145911064,FALSE,-0.37838287546030497,-92.79231530456599
1525-4,13,13,13,0,0,FALSE,PET,-0.16436187554155637,0.18848370457997082,0.47352243352303486,0.6587480680070477,-0.0452251357399181,0.10670642104660862,0.6845807640380241,0.07198516713004233,FALSE,0.11913673980163828,263.4303642265951
1525-5,15,15,15,0,0,FALSE,PET,0.04406919104759065,0.23278217685082045,0.8606986747198007,0.275061221971724,0.32937743225248406,0.08703074576812772,0.004910822741857241,0.035247352503287185,FALSE,-0.2853082412048934,-86.62045825476912
1525-6,14,14,14,0,0,FALSE,PET,0.24703889961457617,0.42448934990234155,0.5949744961966921,0.5409842523781861,-0.09617758737262282,0.19215424224649647,0.6287694593449891,0.3428914969220472,FALSE,0.15086131224195337,156.85703536882068
1525-7,14,14,14,0,0,FALSE,PET,-0.25483575692345806,0.2744221107016423,0.4109005797038521,0.9021925842813007,-0.21335904328054314,0.10028792762140137,0.06329479225073742,0.07888905246999126,FALSE,0.041476713642914914,19.439866717239493
1525-8,15,15,15,0,0,FALSE,PET,-0.031102666402292256,0.18358346762790126,0.8743860854990103,0.2134622870633857,0.2860426536436752,0.13354833093407784,0.058157217707038925,0.1705056170213558,FALSE,-0.25493998724138295,-89.12656346663704
1536-1,151,142,142,9,9,FALSE,PEESE,-0.9586069431345227,0.5019825736986345,0.08840921589434293,0.44395039057006896,-2.817382338698167,1.4178745913383266,0.07505782298450374,21.413837581088394,FALSE,-1.8587753955636446,-65.9752625702386
1536-2,40,23,23,17,17,FALSE,PEESE,0.2607709056124286,0.821029626163345,0.7601247137852517,0.4138160478289383,-0.6711130366590536,0.6006104713490056,0.3028225163218808,1.2012793037398861,FALSE,-0.41034213104662504,-61.14351959088699
1536-3,43,41,41,2,2,FALSE,PEESE,-0.8794385099005284,0.6648302956815039,0.22810422936133393,0.1491995274559928,-2.217187421036078,0.7202272177340635,0.015297498359121873,4.088120286161112,FALSE,-1.3377489111355496,-60.33540053688505
1536-4,94,46,46,48,48,FALSE,PEESE,-0.9384430295090289,0.47017932642625826,0.07415249825900294,0.07811897208085405,-2.66577429015218,0.2853941842578461,1.4980614531525542e-6,0.2435328321600018,FALSE,-1.727331260643151,-64.79660588761038
1536-5,45,21,21,24,24,FALSE,PEESE,-4.060528990654468,0.432768990055017,3.185820432037574e-5,0.29399052946307735,-6.0359669441201795,1.9882737793145218,0.016317547307332123,34.65171503095594,FALSE,-1.9754379534657112,-32.727779521556954
1541-1,15,15,15,0,0,FALSE,PET,-0.04001751992618219,0.17335691631152708,0.8237925839788669,0.2154594920850904,0.23198948089824753,0.1195577451705932,0.08057163672308609,1.158656147716242e-7,FALSE,-0.19197196097206534,-82.75028687885455
1541-2,15,15,15,0,0,FALSE,PET,-0.04001751985664752,0.1733569163527036,0.8237925843197417,0.21545949208715934,0.23198948089689947,0.11955774517022622,0.08057163672388198,1.1586516320552646e-7,FALSE,-0.19197196104025194,-82.75028690872753
1583-1,71,70,70,1,1,FALSE,PEESE,0.2001036137486941,0.040301494467091074,0.01264957350933392,0.626553218551861,0.19626749114445877,0.03994616284177875,0.010909798031897195,2.8145136664790756e-4,FALSE,0.003836122604235326,1.9545379532119378
1583-2,250,249,249,1,1,FALSE,PEESE,0.24403062348747154,0.05578502391067872,1.833772198826653e-4,0.9618938054057875,0.2440530883084751,0.05549316945445216,1.7140665245965516e-4,0.06731128983910807,FALSE,-2.24648210035705e-5,-0.009204891099421656
1583-3,279,272,272,7,7,FALSE,PEESE,0.22282445954603777,0.043747529120690395,8.149672385977341e-5,0.8758176878714912,0.22278833913678558,0.04367682156832119,7.987856871768763e-5,0.019725916130922574,FALSE,3.612040925218829e-5,0.016212881424647368
1583-4,61,58,58,3,3,FALSE,PET,0.0761956138294416,0.04020092351329186,0.1668793601405135,0.1688385346791877,0.12370875531784913,0.025673657763833485,0.0075365139862970856,1.9544082587673493e-9,FALSE,-0.04751314148840753,-38.407258537466
1583-5,69,66,66,3,3,FALSE,PEESE,0.42765120363701264,0.1460266566013533,0.0222800877920342,0.6094728860346622,0.42406377192537675,0.14387431902885128,0.021646913177788024,0.15195953861882727,FALSE,0.003587431711635891,0.8459651470220799
1583-6,81,80,80,1,1,FALSE,PEESE,0.15477365349042024,0.0264338378324331,0.0018495219893486694,0.5556466648105656,0.15706907664324185,0.026505493116346167,0.0017052416660836719,4.301787244513936e-9,FALSE,-0.0022954231528216074,-1.4614099744377478
1612-1,1488,1488,1488,0,0,FALSE,PEESE,0.49430813834977044,0.03474695542075454,1.9795297127117983e-18,2.998071503314362e-4,0.40737136646969685,0.028454793177618853,1.0577501441677178e-18,0.0326651327765466,FALSE,0.0869367718800736,21.340913730258595
1612-2,990,990,990,0,0,FALSE,PEESE,0.4444707001027643,0.04806089504633428,6.453217092218721e-10,0.2600182906568782,0.38749590085576646,0.031534153543488666,1.4080434677945651e-12,0.02192361254983523,FALSE,0.05697479924699783,14.703329537466503
1612-3,461,461,461,0,0,FALSE,PEESE,0.5505780588315514,0.047956553129467804,8.324213460937302e-10,0.3200776221071419,0.5381160663169609,0.04581910283667686,4.848463291570482e-10,0.03633600954816525,FALSE,0.01246199251459057,2.3158558709990666
1714-1,40,39,39,1,1,FALSE,PET,-0.5697019923325022,0.34570351106083064,0.13989280777190974,0.006923618728187105,1.1538438932231587,0.24927969427305677,1.667139460769884e-4,0.9470913274291533,FALSE,-0.5841419008906565,-50.62573059678887
1714-2,32,30,30,2,2,FALSE,PET,-0.012150466081589952,0.6568605355907519,0.9858214541441179,0.22378941080640727,0.9546675045738178,0.19196046294520153,7.786204749355275e-5,0.3061148391206259,FALSE,-0.9425170384922278,-98.72725676495983
1743-1,661,648,648,13,13,FALSE,PET,-0.6993111653687808,0.4531887242669708,0.14663087643408368,0.10605660550950617,0.17823111422320687,0.08577680471981688,0.047856854348036056,0.15287243599906444,FALSE,0.521080051145574,292.36200055002854
1743-2,48,48,48,0,0,FALSE,PET,0.17579598351007067,0.3581410410862361,0.6401480920901299,0.7507200157695797,0.26865393554095884,0.1636189965287762,0.12762784470135868,0.08951072334298765,FALSE,-0.09285795203088817,-34.56415103092026
1744-1,27,27,27,0,0,FALSE,PEESE,1.169047307786497,0.06927886906759333,1.658589543765192e-12,0.3524028710956227,1.1340270908060246,0.056519733359435706,2.62930516442072e-17,0.041002785138359414,FALSE,0.03502021698047231,3.0881287814368905
1744-2,25,25,25,0,0,FALSE,PEESE,0.5350180393312327,0.05165200998897985,4.496414120832153e-9,0.2507746834936679,0.5856816838406177,0.052979004941980774,5.217983239889331e-10,0.01277666326764292,FALSE,-0.050663644509384986,-8.650372020712219
1747-1,8,8,8,0,0,FALSE,PEESE,1.2763577851592447,0.7134140500390721,0.13470129147031118,0.1869604805701178,3.5737826156895,1.1016975979095143,0.014705178421861273,4.300440802872824,FALSE,-2.297424830530255,-64.28552258450691
1805-1,41,40,40,1,1,FALSE,PEESE,0.5334305562101276,0.22038700768224664,0.03392583857860211,0.7839287186683843,0.5114963211515162,0.16235191442763935,0.007227747999813004,0.2789880702791197,FALSE,0.021934235058611362,4.28824884003691
184-1,28,28,28,0,0,FALSE,PET,0.20423560530938206,0.46616366923116337,0.6709525353523338,0.3237221836727814,0.6998509966652133,0.11327406316900887,1.4199277493392387e-6,0.13566086786849313,FALSE,-0.49561539135583127,-70.81727306490042
1915-1,13,13,13,0,0,FALSE,PEESE,-0.0526908547872955,0.6225922362564905,0.9363801806008487,0.041827638168450164,-2.7601681128626603,0.873681480921756,0.019751422721485563,1.4756944322952853e-5,FALSE,-2.707477258075365,-98.09102733482969
1916-1,322,322,322,0,0,FALSE,PET,0.08467857680668267,0.134856194306289,0.5459645334189629,0.03490465028579474,0.28223339877624437,0.12406450619248327,0.04788144238880368,0.11829911574336764,FALSE,-0.1975548219695617,-69.99696805061113
1916-10,189,189,189,0,0,FALSE,PET,-0.12323913839304437,0.11029398079957994,0.31057760579121746,0.009464838861880858,-0.2609081292243897,0.1094014828850806,0.055922326410037505,0.06422259729536522,FALSE,-0.13766899083134534,-52.76531292474425
1916-11,55,55,55,0,0,FALSE,PET,-0.052026729896037315,0.08723736216332952,0.5955327463532972,0.8613191558517242,-0.02308720463571675,0.06911680130927336,0.7589853047313602,0.012604143634980901,FALSE,0.028939525260320564,125.34876229905313
1916-12,417,417,417,0,0,FALSE,PEESE,-0.20542530598108968,0.06614992852714802,0.006114678249502442,0.46996242368546914,-0.23078958215667972,0.053184625279479404,3.513021463222905e-4,0.04553317866074298,FALSE,-0.025364276175590034,-10.990217122699494
1916-13,819,819,819,0,0,FALSE,PEESE,-0.21921558512618483,0.04582182449649701,4.303164291521509e-5,0.011911552818012724,-0.26619789107961256,0.044614307040205525,1.401010575345679e-6,0.054157010132243985,FALSE,-0.04698230595342773,-17.64939074569024
1916-14,357,354,354,3,3,FALSE,PEESE,-0.4602974536772957,0.10765978325896412,0.0010282116410854057,0.7212747215695523,-0.4734142539590474,0.10421402494645864,5.990062809385809e-4,0.11800335713912782,FALSE,-0.013116800281751717,-2.77068131600583
1916-2,362,357,357,5,5,FALSE,PEESE,0.38504342653804335,0.13189909271659894,0.009236570925077282,0.9455379855030135,0.3864466491980624,0.13171642855345936,0.008922932536291225,0.3050055396702246,FALSE,-0.0014032226600190212,-0.3631090249924353
1916-3,221,219,219,2,2,FALSE,PEESE,0.9097608961723711,0.25601743703786223,0.01634361832749329,0.7782422592848668,0.9410024489285002,0.27159862542813024,0.01797317814125165,0.4210435895997663,FALSE,-0.031241552756129054,-3.320028847077195
1916-4,1441,1441,1441,0,0,FALSE,PEESE,0.1552277575981719,0.04535067880977609,0.0015792663280971913,0.06786144594886509,0.1972851834663554,0.04853480568724173,2.4562222322509485e-4,0.075993901752689,FALSE,-0.04205742586818351,-21.318086401230378
1916-5,1095,1085,1085,10,10,FALSE,PEESE,0.3562551243342063,0.06193006957149402,7.343340871941984e-7,0.1820572798706724,0.3870414004042061,0.05997167185644202,6.300226737468717e-8,0.14881627155395544,FALSE,-0.030786276069999785,-7.954259166551222
1916-6,394,391,391,3,3,FALSE,PEESE,0.3419013881185773,0.11252642540548984,0.010630803496036133,0.1577538064271407,0.28183301666563954,0.1211204717466809,0.038552457790329536,0.16570367186615376,FALSE,0.06006837145293775,21.313461482833127
1916-7,290,290,290,0,0,FALSE,PEESE,0.098159475019837,0.0686610507939836,0.21223954075123602,0.4732711006535052,0.1254108616510649,0.10387325887431574,0.2812980616372925,0.06237692204311367,FALSE,-0.027251386631227906,-21.729686147161964
1916-8,34,34,34,0,0,FALSE,PET,-0.09937752710691045,0.061204151586366384,0.22042783279845765,0.713083728015706,-0.0707435686812218,0.080088375686621055,0.43231774081377927,0.015064615645323621,FALSE,0.028633958425688652,40.47570536724883
1916-9,817,810,810,7,7,FALSE,PET,-0.010702743837284598,0.061028509042936954,0.8623100041711456,6.253097970287883e-4,-0.18309140944263985,0.06121139672600542,0.0060925331545046745,0.0756717885498318,FALSE,-0.17238866560535526,-94.15442599417118
1922-1,56,56,56,0,0,FALSE,PEESE,0.17820144462801274,0.0925871876787157,0.07628861519723805,0.6152709967461159,0.1344196574717098,0.0862287391674732,0.13923265220216446,0.08254066562188189,FALSE,0.04378178715630293,32.570970630182806
1922-2,85,85,85,0,0,FALSE,PEESE,0.23879085374777384,0.09824980973858584,0.02399848870040332,0.40742428837434147,0.19404250688938848,0.08251763014039012,0.027306334846720518,0.11546677596522571,FALSE,0.04474834685838536,23.061105309206088
1922-3,34,34,34,0,0,FALSE,PET,0.011375687072144135,0.03555025519384632,0.7656536427545519,0.19049594571639322,0.03825450968846153,0.026568582041236508,0.2093945867656329,0.0033680084262687434,FALSE,-0.026878822616317397,-70.26314762681349
1928-1,13,13,13,0,0,FALSE,PET,0.2645030228207461,0.6738815449223734,0.7149801106429072,0.9005306773644559,0.3586445084928416,0.3038363927069814,0.2777477756925805,0.49515550238514805,FALSE,-0.09414148567209546,-26.249247776778518
1928-10,14,14,14,0,0,FALSE,PEESE,0.5538086995164524,0.2993320253068478,0.10878124469504757,0.6437443500560747,0.34264928394471905,0.2472152519154525,0.19614369640589915,0.5846269044304674,FALSE,0.21115941557173334,61.62552366687582
1928-11,30,30,30,0,0,FALSE,PEESE,0.24855001952412478,0.11003181974517538,0.04048904550139444,0.12541700636647746,0.22842112682048898,0.10566267430690422,0.04773890987685534,0.1188945725227744,FALSE,0.020128892703635798,8.812185187867776
1928-12,14,14,14,0,0,FALSE,PET,-0.04284320822756031,0.03754498416770613,0.3072789677741915,0.02579684253030127,-0.14740599640298568,0.06272562954543696,0.05105260337608176,0.027237382378998976,FALSE,-0.10456278817542537,-70.93523379440178
1928-13,22,22,22,0,0,FALSE,PEESE,-0.8290994429395583,0.17148521654579393,9.599403187257269e-4,0.16985350752401696,-0.9896616627932853,0.18972523679374106,4.5447346762061806e-4,3.646522559411418e-7,FALSE,-0.16056221985372698,-16.22395065810125
1928-14,26,26,26,0,0,FALSE,PEESE,-1.0596578870574496,0.237126426004012,0.0013964748620023217,0.5102668601450532,-1.0993214062450334,0.21833584332032413,4.921039667500054e-4,0.08194849236354383,FALSE,-0.03966351918758382,-3.608000259274767
1928-15,11,11,11,0,0,FALSE,PET,0.05338531541315927,0.5559458244131377,0.9330405417123814,0.07445485087009106,-1.3498107030141429,0.39732749004920864,0.02322981617374322,0.6654526191841884,FALSE,-1.2964253876009835,-96.04497761842092
1928-2,15,15,15,0,0,FALSE,PET,-0.2740633082112228,0.22324274471408104,0.29121423076131,0.722622043650579,-0.2187844049905032,0.10231145089174433,0.08145288613547275,1.2347755024310913e-8,FALSE,0.05527890322071963,25.266381862600824
1928-3,37,37,37,0,0,FALSE,PEESE,-0.4359583811312077,0.20402209767849358,0.05853587661347356,0.6962932146293848,-0.3925295561213389,0.17673629440076927,0.050454957519097426,0.15085471163299094,FALSE,0.04342882500986883,11.063835660936599
1928-4,21,21,21,0,0,FALSE,PEESE,0.3753666043186706,0.14454070122884125,0.02817778958334384,0.6750098253697413,0.363439826319777,0.12563303779038124,0.014998186464211164,0.15611809165361742,FALSE,0.011926777998893578,3.281637601378242
1928-5,17,17,17,0,0,FALSE,PEESE,0.23832694816045497,0.08398864964085101,0.035256325828482246,0.27839656762419573,0.22628230439251001,0.08296196036946656,0.039359439431387866,0.019659176612121715,FALSE,0.012044643767944951,5.3228394506060335
1928-7,23,23,23,0,0,FALSE,PET,0.041909063461612314,0.1258481332615993,0.7472878579383431,0.3479497140638239,-0.02140359899926633,0.10390693587214898,0.8402496817091117,0.103096321186172,FALSE,0.020505464462345985,95.8038153445543
1928-8,8,8,8,0,0,FALSE,PET,-0.0031856459668719653,0.03859172492091153,0.9402532163771576,0.4550769356938802,-0.028337394940756024,0.0313490231722935,0.4096043732814395,0.0048367980099668015,FALSE,-0.02515174897388406,-88.75815517434796
1928-9,12,12,12,0,0,FALSE,PET,-0.24737111983301235,0.21080405689122403,0.3042998350111709,0.5145236637357239,-0.42952708562569464,0.19867725937435293,0.08611929746717463,0.1886775315920579,FALSE,-0.18215596579268228,-42.408493407891754
1933-1,26,26,26,0,0,FALSE,PEESE,0.049991356055623964,0.14885842431367982,0.7440455979446108,0.3903734067067557,-0.05814537523759973,0.13224438271354017,0.6687807717439507,0.18349897202985413,FALSE,-0.008154019181975766,-14.023504274683857
1934-1,195,195,195,0,0,FALSE,PEESE,0.13438244718206854,0.053559680478365575,0.017170712308336795,0.02793103370150673,0.07112479164509723,0.050118821242468095,0.1636691750874951,0.07939799399345296,FALSE,0.06325765553697131,88.93896779707724
1934-2,69,69,69,0,0,FALSE,PET,0.13322714613062128,0.08263705653097499,0.14425322240444954,0.5243812521485315,0.09505343771324977,0.05802354796039642,0.12673259876756246,0.027995960004219885,FALSE,0.03817370841737151,40.16026072884513
1973-1,38,38,38,0,0,FALSE,PEESE,1.1141896167178849,0.04792313897095521,1.555666841129638e-20,0.1503020274490778,1.1537973331700884,0.045465033344220016,5.533651402939558e-24,0.032029264194418545,FALSE,-0.03960771645220351,-3.4328140058514673
1973-2,41,41,41,0,0,FALSE,PEESE,0.9790625891809475,0.037749247761502215,7.972640532434534e-22,0.06915801728360076,1.0618034213789143,0.03367639106700915,1.0790441761475122e-29,0.02133039808097683,FALSE,-0.0827408321979668,-7.792481219406429
1974-1,9,9,9,0,0,FALSE,PET,0.1321585319428996,0.10202838733437201,0.38080667668864987,0.9383539762084403,0.13493618801660043,0.04017331495496858,0.02377076838242006,0.0021083240963862735,FALSE,-0.0027776560737008404,-2.0584960302562583
1974-2,7,7,7,0,0,FALSE,PET,0.13419591132327374,0.1070769707785451,0.3890412161290566,0.9908997116670473,0.13569068799170902,0.07826277842294029,0.15293743575413163,0.011763933950225763,FALSE,-0.0014947766684352826,-1.101605932255732
2001-1,66,66,66,0,0,FALSE,PEESE,0.11953414576560908,0.028843327188087523,0.0065085948288300735,0.2098441135020788,0.11459528723898484,0.027468580854484177,0.006401409143528622,1.1089639620127645e-8,FALSE,0.0049388585266242485,4.3098269096567785
2001-2,25,25,25,0,0,FALSE,PEESE,-1.3521764919873445,0.2142431343584967,2.1431841798316033e-4,5.469204659788357e-4,-1.6962101234959435,0.20172022824429744,1.182026008695413e-5,0.18461265356445988,FALSE,-0.344033631508599,-20.28248898783452
2002-1,6,6,6,4,0,TRUE,PET,0.22505624256431078,3.548879811678012,0.9527632894341979,0.9943872696719211,0.2580190361922834,1.4718797572649378,0.8677447121624804,6.1699001700696945,FALSE,-0.03296279362797261,-12.775333988693673
2002-3,6,5,5,1,1,FALSE,PEESE,-0.10085421904845648,1.141116411847311,0.9357053076398171,0.13458018917046422,4.911178556123426,3.6025159123753863,0.24472390118072815,31.77836057585336,FALSE,-4.810324337074969,-97.94643550634687
2002-5,6,6,6,0,0,FALSE,PET,-0.6808032176326622,3.2732691230347633,0.8554730039801431,0.2964423894996026,3.880948746149613,0.695315064832158,0.0026406062839639177,1.0014168032830781,FALSE,-3.2001455285169507,-82.45781477253199
2051-1,7,7,7,0,0,FALSE,PET,0.962942952235025,0.8160831818357535,0.2978307549499438,0.6946307558368142,1.1990411590852574,0.2604168969401289,0.005011166971895517,0.10832975790494472,FALSE,-0.23609820685023242,-19.690584018846405
2051-2,7,7,7,0,0,FALSE,PET,0.13894379872081197,0.5450853637459767,0.8154278615553827,0.12863977188404702,-0.6323117501480922,0.2346128302954452,0.04812181182543792,4.577510519915903e-8,FALSE,-0.4933679514272802,-78.0260609282889
2081-1,25,24,24,1,1,FALSE,PET,-0.05527996707249564,0.4712761866128856,0.9160961199455541,0.8539161380968388,-0.19297924174643943,0.08197747288317567,0.08506243482546409,3.698473158651139e-8,FALSE,-0.1376992746739438,-71.35444902144995
2081-2,27,25,25,2,2,FALSE,PEESE,0.9047274429975584,0.2357221512419314,0.015853400399506824,0.02162222237133904,-0.33021595302999945,0.2709561552370549,0.2524834204549912,0.46050710914884124,FALSE,0.574511489967559,173.98053749249533
2081-3,8,4,4,4,4,FALSE,PET,-0.21572558739481495,4.1423410108328556,0.9663508636232093,0.9018014909983636,-0.7582496088110547,0.791419361682185,0.410057233064464,0.9574894975403593,FALSE,-0.5425240214162398,-71.54952869239519
2081-4,15,15,15,0,0,FALSE,PET,-0.8764135227047836,0.9315794257136532,0.41752315634840914,0.38208142908849135,0.2723179535925883,0.2830790482666484,0.36607687594536503,0.4592261381096442,FALSE,0.6040955691121952,221.83464628115394
2110-1,7,7,7,7,0,TRUE,PET,-54.23595126213882,45.3939916541299,0.4129959488032525,0.966066836666456,-50.38685290228597,17.33368285595887,0.06544238100536824,0.047479525793522055,FALSE,3.849098359852846,7.639092616713552
2127-1,39,39,39,0,0,FALSE,PET,0.2663559027733371,0.18922525937388598,0.2466420946560648,0.17986242194090926,0.5395829867166396,0.11410343083832583,0.005341924918750648,0.020227649414574722,FALSE,-0.27322708394330253,-50.63671217765561
2127-2,6,5,5,1,1,FALSE,PEESE,-0.1653877812651619,0.1619514457066537,0.4821858229794035,0.034559295708283304,7.368569173758361,3.5045390061433044,0.10429867717519457,27.488039778794903,FALSE,-7.2031813924931996,-97.75549665932219
2148-1,43,41,41,2,2,FALSE,PET,-0.5110996641352898,0.5163194526437809,0.3538884000709139,0.842441912718298,-0.39118574282914725,0.16702497675510572,0.024873031546769217,0.7959466809507032,FALSE,0.11991392130614259,30.653960044376085
2148-2,36,32,32,4,4,FALSE,PET,-0.6710379107887455,0.6053401177590609,0.2835793597989662,0.23203385793765396,0.07539340922410764,0.1657641268578453,0.6524780772065287,0.3313210627904525,FALSE,0.5956445015646379,790.0485038341732
2183-1,8,8,8,0,0,FALSE,PET,0.058235975526222755,0.024379639564661285,0.19337088245419176,0.37912150008725326,0.07896235717909293,0.021138685326161626,0.11008099016367154,2.875434859697723e-10,FALSE,-0.020726381652870177,-26.248433295704547
2183-2,20,20,20,0,0,FALSE,PET,0.01402561521197874,0.02055763419698091,0.5176723066981523,0.15458455638502075,0.04493428970116151,0.01218153415817277,0.003957688130283218,4.668189739449672e-9,FALSE,-0.030908674489182775,-68.78638717723808
2183-3,10,10,10,0,0,FALSE,PET,0.02020485823072046,0.013601205032291683,0.24787674661279582,0.3354996021706723,0.02974991301794941,0.009587772585989918,0.06416105054917566,8.928713179694011e-10,FALSE,-0.00954505478722895,-32.084311579230516
2183-4,12,12,12,0,0,FALSE,PET,0.025666637356768565,0.019114630280140127,0.24861415824810265,0.07568851598560217,0.050665751290807096,0.0167159942467424,0.02637718851270017,4.612056352266649e-10,FALSE,-0.02499911393403853,-49.341247878770574
2204-1,55,55,55,0,0,FALSE,PEESE,0.0044540565851690535,6.68641252348739e-4,0.0027487903065983948,0.5325766937938234,0.0046228785165222715,7.564178405244855e-4,0.004425946157179495,7.616350720138704e-12,FALSE,-1.6882193135321806e-4,-3.6518790348879966
2204-3,55,55,55,0,0,FALSE,PEESE,0.01388358417549634,0.0016431949987385,0.001280433363447392,0.6826281974375419,0.01452265425026383,0.001375108732041578,0.0013032525883497873,2.5117489075119624e-9,FALSE,-6.390700747674893e-4,-4.400504644361959
227-1,37,36,36,1,1,FALSE,PET,0.3920756638970002,0.5022455490063465,0.44611115388113853,0.5704997096646114,0.16455403315767278,0.11668969231066235,0.1698835584398334,0.005781472625663338,FALSE,0.22752163073932744,138.26560575474937
227-2,26,26,26,0,0,FALSE,PET,-0.06441469333339908,0.5756416701425107,0.9126384416331765,0.8089468045143914,0.014632073814161588,0.2670965710879045,0.9569257738059912,0.9077908704240277,FALSE,0.049782619519237493,340.22941758984024
227-3,21,21,21,0,0,FALSE,PET,-0.21859460794082589,0.5966038101339015,0.7316643965275988,0.6143316039193814,-0.0012790232881271651,0.2589083311359973,0.9961300258921264,0.5195795386908377,FALSE,0.21731558465269873,16990.744943425332
2279-1,32,28,28,4,4,FALSE,PEESE,1.0147661560369343,0.0012232979855568518,9.251811300036643e-9,0.06553529229188128,1.0149126634035135,0.0012211578629941996,9.36181771203931e-9,1.2525153272184972e-11,FALSE,-1.4650736657917385e-4,-0.014435465421020645
2279-2,24,22,22,2,2,FALSE,PEESE,1.0904721580935848,0.027979139013827363,1.3541568144872367e-5,0.1160159860927477,1.1048885689472496,0.032547449847828334,1.2361326327382946e-5,0.003932222959317091,FALSE,-0.014416410853664852,-1.3047841437441037
2306-1,93,82,82,11,11,FALSE,PET,0.43176518206212233,0.3858048529517589,0.29033205170285936,0.5058306770079573,0.14620128020753825,0.14243608353574477,0.3109325314915887,0.5638950118476002,FALSE,0.2855639018545841,195.32243592478486
231-1,1119,1117,1117,2,2,FALSE,PEESE,0.14409470752643533,0.025581513371882678,1.046858363424214e-7,0.24037114650493346,0.15379871880050033,0.025496958799336153,1.4810067310798456e-8,0.0696721381059494,FALSE,-0.009704011274065005,-6.309552738636621
231-10,1027,1025,1025,2,2,FALSE,PEESE,0.14562256370025017,0.024741851602131677,3.9493577952405676e-8,0.06327974369145788,0.15666735102848278,0.025216004646914095,8.062863095183667e-9,0.06019429376751845,FALSE,-0.011044787328232608,-7.049833456509148
231-11,617,615,615,2,2,FALSE,PEESE,0.15254671560087277,0.03463590524351146,3.805705177156541e-5,0.1323236192398522,0.1629333587050375,0.0332811124025612,6.035698147891148e-6,0.069216302909554,FALSE,-0.010386643104164733,-6.374779963241255
231-12,527,527,527,0,0,FALSE,PEESE,0.18428605456597957,0.03133069289606327,3.0582443262678316e-7,0.4346079436754088,0.17612124238508545,0.029954556305736842,2.534494610476914e-7,0.03389408867675895,FALSE,0.008164812180894127,4.6359042613621435
231-13,870,867,867,3,3,FALSE,PEESE,0.11999859894616668,0.023386807347330934,1.4111897545160479e-6,0.7827469996660541,0.11938425025811185,0.0234096629216368,1.5035677863007568e-6,0.04333032611468385,FALSE,6.14348688054836e-4,0.5145977687396773
231-14,510,507,507,3,3,FALSE,PET,0.046572688620665964,0.04729634788806849,0.3317093427651705,0.27499523033900014,0.08975424131417402,0.0489841474575774,0.0721140008246743,0.11279675328563556,FALSE,-0.043181552693508055,-48.110877058562814
231-15,1169,1167,1167,2,2,FALSE,PEESE,0.14197609992834287,0.023508635995861525,1.483434914817884e-8,0.06564435303623205,0.15377926368291253,0.023733584017300063,1.551049003569187e-9,0.06190235799560698,FALSE,-0.011803163754569662,-7.675393594618436
231-2,678,678,678,0,0,FALSE,PEESE,0.1583534722058446,0.02922928896649125,8.983082790802141e-7,0.5912886470057503,0.15254544614899815,0.02925550872782701,1.9038693129727034e-6,0.04416897430275624,FALSE,0.005808026056846438,3.8074070406359244
231-3,523,521,521,2,2,FALSE,PEESE,0.12357904955937138,0.03772436922034682,0.001764077997311843,0.2242585613123498,0.13741309673966132,0.03808045089895527,6.280418183072218e-4,0.07276967854818611,FALSE,-0.013834047180289938,-10.067488113232397
231-4,395,393,393,2,2,FALSE,PEESE,0.1639732100545625,0.046408944461519726,9.317263536632622e-4,0.5031697530212216,0.16831846128418937,0.04962236099275603,0.0014034344745753355,0.10473490298584917,FALSE,-0.0043452512296268675,-2.5815654423612706
231-5,868,866,866,2,2,FALSE,PEESE,0.12342052410176668,0.03264190862906506,2.6441720889458433e-4,0.24916325866722266,0.13445761770526865,0.03241824860245281,6.909244613401918e-5,0.08689731451535769,FALSE,-0.011037093603501968,-8.208604162313286
231-6,313,313,313,0,0,FALSE,PEESE,0.12318929352687628,0.024874544303523406,3.2702752288455684e-5,0.1386444252315979,0.13842444908728066,0.02546438114803834,8.499123095207e-6,0.009862804564960439,FALSE,-0.015235155560404376,-11.00611608777158
231-7,408,408,408,0,0,FALSE,PEESE,0.11550156773553064,0.031195636989013745,6.128371659265192e-4,0.04498904959485875,0.1263104765789215,0.031264379827660733,2.2012346517687892e-4,0.036871405812089246,FALSE,-0.010808908843390863,-8.55741276269924
231-8,1140,1137,1137,3,3,FALSE,PEESE,0.13808672280890325,0.025518110598693772,2.925455405508034e-7,0.27494004901159713,0.14475226252019804,0.025845701737494897,1.1724371350583602e-7,0.07190811629467045,FALSE,-0.006665539711294799,-4.604791383046411
231-9,800,798,798,2,2,FALSE,PEESE,0.12243068503843489,0.03542532853840189,8.264459055367787e-4,0.2954118320833772,0.1336365707298323,0.034959203418744936,2.353488465160284e-4,0.09308596774060335,FALSE,-0.011205885691397396,-8.385343645230083
2396-1,11,11,11,0,0,FALSE,PET,0.4615703649282134,0.21813250694832392,0.13166413970986682,0.5920781281037751,0.5554753765283017,0.11136945455476707,0.0020951715606148235,0.02795161811443514,FALSE,-0.0939050116000883,-16.9053419049807
240-1,25,25,25,0,0,FALSE,PET,6.509490096001869e-4,4.673773429253943e-4,0.1897528417563361,0.0014490306347184352,0.001833720488396197,4.2760853644925405e-4,6.525243489264569e-4,2.123276339518463e-6,FALSE,-0.0011827714787960102,-64.50118686466126
240-2,11,11,11,0,0,FALSE,PET,-0.060583661555395754,0.029969936708369223,0.11362902635898715,0.2611809383853173,-0.09344347267675704,0.027999979438855266,0.017758265200791542,0.004004285677838142,FALSE,-0.032859811121361285,-35.16544299999541
240-3,15,15,15,0,0,FALSE,PET,-0.006896289098970378,0.004951911133928234,0.26864514154318225,0.009805512425757066,-0.022006903498443173,0.005297818783821969,0.013874986274989138,7.851818277376776e-5,FALSE,-0.015110614399472796,-68.66306475393851
240-4,11,11,11,0,0,FALSE,PET,-0.009286924279329348,0.005994451492652131,0.24070186569653854,0.3632417714711373,-0.015260184431142286,0.004336938605834843,0.07080347932750923,1.9210172729769284e-11,FALSE,-0.005973260151812938,-39.14277824600194
241-1,5,5,5,0,0,FALSE,PET,3.278289500459035e-4,0.005824307762442476,0.9600198554235357,0.31066553855558965,0.004152022873758503,0.004940896022357076,0.5284334033482336,2.1508547648320496e-11,FALSE,-0.0038241939237125995,-92.1043558763166
241-2,9,9,9,0,0,FALSE,PEESE,0.014575607105336272,0.0062393625478680565,0.10731679247840266,0.4543193578671173,0.01397767837012656,0.0060405818727581675,0.09953656771672316,7.405971107937594e-5,FALSE,5.979287352097119e-4,4.277739974956213
241-4,8,8,8,0,0,FALSE,PET,0.025425165867615007,0.05436771285717598,0.6625286135676685,0.38257143895691825,0.07839768892726391,0.03406890844252039,0.06552570451030723,0.003099077511852457,FALSE,-0.052972523059648904,-67.56898549496266
241-7,5,5,5,0,0,FALSE,PET,0.047232364232407696,0.03741992644703993,0.3548650444840935,0.9551006422752372,0.045966660179196615,0.029292986371132958,0.22262819817906054,9.395308535686558e-4,FALSE,0.0012657040532110808,2.753526247669191
245-1,5,5,5,0,0,FALSE,PET,0.01417443854505325,0.3929516514840998,0.9763927647964823,0.13442383517171996,0.6552367115710552,0.3301364065805223,0.12745475061936123,0.1749314300915136,FALSE,-0.6410622730260019,-97.83674536320356
2455-1,10,10,10,0,0,FALSE,PET,-0.005070365351989493,0.17119268232031898,0.9775008581746779,0.6403946555512517,0.11366295679712986,0.08678792493564985,0.2258712329266122,0.03011143813148779,FALSE,-0.10859259144514036,-95.53912242399316
2457-1,59,59,59,0,0,FALSE,PET,0.09654771476929618,0.15763492367643878,0.5474442250433541,0.042353039957667614,0.5184838855232571,0.13947916843137922,9.996772615938848e-4,0.44030765634774843,FALSE,-0.4219361707539609,-81.37883983185714
246-1,10,10,10,0,0,FALSE,PET,-0.006487738584979155,0.18995176351037546,0.9751791950765233,0.1657404581319898,0.2631379400911645,0.10446097855272828,0.05634246570377671,0.030389070432924516,FALSE,-0.25665020150618534,-97.53447238253388
246-2,6,6,6,0,0,FALSE,PEESE,-0.08784179693470257,0.06876934888577285,0.30586918977969396,0.04355421361982727,0.22563023875280172,0.06637434585432692,0.042243252070211804,2.852607376564672e-9,FALSE,-0.13778844181809916,-61.06825156935584
246-3,10,10,10,0,0,FALSE,PET,-0.19901458077180467,0.5720443069319584,0.754750952349987,0.44016249368609295,0.2447381626283046,0.1607296084987651,0.2070058064918692,0.08197215548507102,FALSE,-0.04572358185649994,-18.682653071128307
246-4,10,10,10,0,0,FALSE,PET,0.20118559292262306,0.24071098308745015,0.4718648032239477,0.8174531407218674,0.2636292266776633,0.19167840303436276,0.21975155537484617,0.21239939555515863,FALSE,-0.06244363375504025,-23.686157465154434
2474-1,25,25,25,0,0,FALSE,PET,-0.04580872419812643,0.08783489588510639,0.6266865757338898,0.10677724314139402,0.23124423159319546,0.07806894718982212,0.01732475872322164,0.04742363583887438,FALSE,-0.18543550739506903,-80.19032782676582
2479-1,17,15,15,2,2,FALSE,PEESE,0.5104422892311511,0.612005886238974,0.4282420333462189,0.04955146129052553,2.96397626358688,0.7044635448053557,0.0012469307754764804,4.497012282880071,FALSE,-2.4535339743557287,-82.77846231422126
2479-2,12,10,10,2,2,FALSE,PET,-1.0100795650935768,1.2621164923625403,0.46915803640392606,0.0296335042084782,3.5837847236367573,1.2313941252287315,0.027083812774088216,9.996246908198458,FALSE,-2.5737051585431807,-71.81528347861902
2503-1,5,5,5,0,0,FALSE,PET,0.11318535475427756,0.10273538943981465,0.391833897858186,0.598388892834691,0.17410979236811241,0.08340500452505942,0.1568384141323154,0.008952755080862284,FALSE,-0.060924437613834856,-34.99196500391264
2503-2,6,6,6,0,0,FALSE,PET,0.019961275248959513,0.004944736800586545,0.11857910944163348,0.17117764062062582,0.04971180040953688,0.021920426327107334,0.13370560152758315,4.329952462752596e-4,FALSE,-0.029750525160577364,-59.84600218758105
2503-7,18,18,18,0,0,FALSE,PET,-0.0028690763017200083,0.019230098892083613,0.8849907951758889,0.01624003132896156,0.04546081530552468,0.014197619156172523,0.0070201292318427195,9.387066452346206e-4,FALSE,-0.04259173900380467,-93.68890266829125
2503-9,8,8,8,0,0,FALSE,PET,0.055604434822343826,0.11649408204616575,0.6593943887563255,0.30751212037082676,0.1642852404421276,0.07251632399193209,0.07688462404765907,0.010546739093993352,FALSE,-0.10868080561978379,-66.15372466041374
2538-1,57,56,56,1,1,FALSE,PEESE,4.24614681664224,0.3296936321842164,5.661298278841107e-9,0.1889161459907902,3.7697194501176834,0.28301091084699687,3.5431394936191526e-10,1.0443523010321867,FALSE,0.4764273665245562,12.638271171868851
2538-2,17,17,17,0,0,FALSE,PEESE,4.464840230889682,0.4637203523563173,2.4380340500409635e-4,0.08070917760095311,3.538938927106924,0.46999904946814575,3.780182578571938e-4,0.958178340910614,FALSE,0.9259013037827581,26.163246183501695
2538-3,45,44,44,1,1,FALSE,PEESE,3.9372965440515113,0.40136799050912864,1.1618436994557635e-5,0.3216993691754489,3.8648218807972206,0.42170193729594674,1.822051299260775e-5,1.322271690087293,FALSE,0.07247466325429075,1.875239415673691
2538-4,35,35,35,0,0,FALSE,PEESE,3.463082101755571,0.48470478759010027,1.043143363799797e-4,0.027419029017647558,3.7927889113946898,0.4903668019622034,2.6009745293615225e-5,1.9499645578325555,FALSE,-0.3297068096391187,-8.692991287982816
2538-5,39,38,38,1,1,FALSE,PEESE,3.916158903282595,0.37868343806810867,4.032591936366181e-6,0.5705706951699563,3.825503991527614,0.38252138794839774,4.279020967571774e-6,1.0868071363919376,FALSE,0.09065491175498108,2.3697508081485608
2538-6,40,39,39,1,1,FALSE,PEESE,4.099351278930083,0.3384207408323821,1.2474498242018926e-7,0.12450809391530379,3.7136410941480196,0.3733203765771291,5.044699816932576e-7,1.2680220110077394,FALSE,0.3857101847820634,10.386307534938368
2538-7,34,34,34,0,0,FALSE,PEESE,3.8824975012267986,0.458276586147918,1.5554622006710422e-4,0.24536448571465316,3.8510040117288105,0.45088787383042406,1.4863344245371577e-4,1.2284777806660259,FALSE,0.031493489497988136,0.8177994466396293
2539-1,22,22,22,0,0,FALSE,PET,0.10681840068304946,0.13493443122226936,0.46003918179972425,0.007493435590736764,0.44321208919649063,0.08716899749122456,2.0644363284555542e-4,0.030498001282961564,FALSE,-0.3363936885134412,-75.89903270086722
2543-1,59,56,56,3,3,FALSE,PEESE,-0.9471689439746904,0.18070253945106562,3.7424457199411196e-5,0.0010028544972143947,-2.1090264286127645,0.23427453190824754,2.91502167737308e-9,0.31261596498485456,FALSE,-1.161857484638074,-55.08975463158604
2543-2,68,65,65,3,3,FALSE,PET,-0.37916704566674775,0.33958431284294155,0.281654315106897,0.0162768455864524,0.5739842690688605,0.11714631516128336,2.8675798804584713e-5,0.15631825180318074,FALSE,-0.19481722340211272,-33.94121300887788
2543-3,36,33,33,3,3,FALSE,PET,0.16736991476710011,0.31392712155947555,0.6130913983006864,0.5961578744498176,0.3205708915507517,0.1364874724247606,0.0320073303711716,0.09817322026144842,FALSE,-0.15320097678365158,-47.790046077654345
2553-1,42,42,42,0,0,FALSE,PET,0.01731400883139934,0.012836993162551694,0.19955678346112413,0.0040051578340745166,0.06529744212993978,0.01744359538301405,0.0014346470064957727,0.005285257410902285,FALSE,-0.047983433298540434,-73.48439959264402
2553-3,136,136,136,0,0,FALSE,PET,-0.005737049823694474,0.004710414828659043,0.23697206822350705,0.06242200002957184,0.015372759537054574,0.007623314993315861,0.052796318172099045,0.0015397068114236417,FALSE,-0.0096357097133601,-62.680416551980386
2553-4,24,24,24,0,0,FALSE,PET,0.007110358297528052,0.03446057319089055,0.8417289236632711,0.3167075471817205,0.058592903019834636,0.030846700235889736,0.08164819778985231,0.009451823611574841,FALSE,-0.05148254472230658,-87.86481308987014
2553-5,26,26,26,0,0,FALSE,PET,0.006435390550084878,0.003775696672333865,0.25143469844998523,0.05713592612001014,0.019764803153324472,0.009279269611507709,0.14187457537464299,2.566314649100967e-4,FALSE,-0.013329412603239594,-67.44014852987577
2561-1,17,17,17,0,0,FALSE,PET,0.004417255649733497,0.0038230347178263833,0.2810585119692113,0.06344490021579445,0.011358138382624334,0.0026546008974434768,0.0011341985855562048,3.137722848309361e-5,FALSE,-0.006940882732890836,-61.10933410979558
2561-2,16,16,16,0,0,FALSE,PET,0.003411537628924723,0.013957423130138006,0.8239276937360734,0.2644300870798563,0.024607523601807558,0.008657738511301409,0.049562352685063434,2.2703068873718882e-10,FALSE,-0.021195985972882834,-86.13620092728824
2571-1,18,18,18,0,0,FALSE,PET,0.1912983728102222,0.7239319308823268,0.8036712729575328,0.16547270772840497,1.4707769872460688,0.37695062626212184,0.0030538019389794507,1.118119083081538,FALSE,-1.2794786144358465,-86.99338006583747
2571-2,16,16,16,0,0,FALSE,PET,0.8839402718647289,0.954722287268717,0.40386226643682316,0.9526463929648452,0.9333131479505538,0.2511305521216359,0.0034367348834731548,0.6090710050601127,FALSE,-0.04937287608582486,-5.290065418476306
2571-3,17,17,17,0,0,FALSE,PEESE,1.6612090490729676,0.5073357131358532,0.011130968541284996,0.4385871818037903,1.3439310124008732,0.3298051754800528,0.0013164302601749026,1.4282009967535623,FALSE,0.3172780366720944,23.608208586934182
2571-4,14,13,13,1,1,FALSE,PET,-1.5272766481464073,0.6161521342702221,0.11287709339934542,0.058453773166340414,1.4638117024142356,0.7549506751627736,0.11065417042641634,0.13842909149979923,FALSE,0.06346494573217165,4.335594914803603
2575-1,47,47,47,0,0,FALSE,PET,0.10734609840826341,0.1235189503860142,0.4373657607975397,0.24709819700370417,0.27199262403038516,0.04892112324017032,2.0118141962941944e-4,1.9043057490923794e-8,FALSE,-0.16464652562212173,-60.5334524085214
2575-2,25,25,25,0,0,FALSE,PET,0.18503123497855026,0.08844059728439434,0.1294037495048474,0.4644865749469271,0.06612942420977157,0.12149241393680571,0.5986959905321966,0.10609326305150553,FALSE,0.11890181076877869,179.8016725377888
2591-1,97,97,97,0,0,FALSE,PET,-0.1307345252661213,0.2606344253925935,0.6263789677543746,0.6191258984059561,-0.011479309961717811,0.12827522093770327,0.9301968479514114,0.1735541333168541,FALSE,0.1192552153044035,1038.870939996446
2605-1,9,6,6,3,3,FALSE,PET,-0.9521566256778529,0.5450988064328343,0.22461762171067393,0.05057955809297073,1.1638231029959214,0.8646129151343734,0.24972789157662187,1.4562059543805295,FALSE,-0.21166647731806854,-18.187169233296302
2605-2,18,15,15,3,3,FALSE,PET,-0.391928097093636,0.5547714303884991,0.5407182596153168,0.48164790436502763,-0.8476253364943143,0.14904937514331448,0.0015882712526459272,3.108727184521425e-8,FALSE,-0.45569723940067824,-53.761634979599854
2605-3,11,11,11,0,0,FALSE,PEESE,0.2618505888719124,0.25258452209271237,0.33689645583313893,0.14942512373252684,-0.39679823362605837,0.39854222008339896,0.3470550328821227,1.3267196800293417,FALSE,-0.13494764475414595,-34.00913444622847
2605-4,9,8,8,1,1,FALSE,PET,1.1904525886490775,0.6056454385874681,0.18370319086404388,0.12788484616702184,-0.8112546210240754,0.4434680323697943,0.12278510462040114,5.290767711632594e-7,FALSE,0.37919796762500213,46.742164272214204
2605-5,6,4,4,2,2,FALSE,PET,0.23032066934522982,0.41374538209322054,0.6765916779475171,0.6018593986619349,-0.03143712559776761,0.07872235360847081,0.7310767185889951,5.798826425387303e-10,FALSE,0.1988835437474622,632.639085049128
2605-6,12,11,11,1,1,FALSE,PET,0.6964275181819443,0.3751264245758296,0.1592135067389924,0.07504688240512819,-1.1785459156710478,0.4252273447064233,0.032181340400409805,0.89080403319693,FALSE,-0.48211839748910357,-40.90790109052238
2611-1,133,126,126,7,7,FALSE,PET,-0.14468280564463104,0.13743659716246726,0.3080666872688487,0.004389556136405055,-0.7280082508653442,0.11060716993766916,2.3810713263041846e-7,0.23207644701644556,FALSE,-0.5833254452207131,-80.12621347729858
2642-1,12,9,9,3,3,FALSE,PET,0.25949742132122267,0.290334484226772,0.42769123592770963,0.039067414204506115,1.3097933250139078,0.3095648714895579,0.003504611648500308,0.3797892005686519,FALSE,-1.050295903692685,-80.18791084322656
2642-2,9,9,9,0,0,FALSE,PET,0.39804449927735824,0.4283218802175354,0.42097336630591975,0.16103247988540367,1.0663745430175213,0.22239399637421284,0.0015377762483760903,0.1817704766887241,FALSE,-0.6683300437401631,-62.67310562843978
2642-3,10,10,10,0,0,FALSE,PEESE,1.1504362184098027,0.19776896516005701,0.0013818375667619812,0.6245307313733182,1.1031334419461556,0.14005436930917897,3.6068691866478883e-5,0.06605887694076483,FALSE,0.04730277646364711,4.288037572335331
2642-4,10,9,9,1,1,FALSE,PET,0.5797026393192274,0.5883108552084755,0.3786774201383561,0.15521514805399805,1.8282765255742226,0.5366859471684807,0.0095449944666997,1.2196962239060825,FALSE,-1.248573886254995,-68.29239826633145
2642-5,10,10,10,0,0,FALSE,PET,0.6537531998194394,0.36485917880168817,0.12345755400044078,0.6360381906879804,0.7467128703083105,0.276715287618918,0.028045602159892276,3.730105653138773e-7,FALSE,-0.0929596704888711,-12.449185514974312
2642-6,12,12,12,0,0,FALSE,PET,-0.10276785594799201,0.4070888859201308,0.8087113544599591,0.32996108994055434,0.5159248061425556,0.23443741223348974,0.05009433351275549,0.31088296762716405,FALSE,-0.41315695019456367,-80.0808461379552
2642-7,12,12,12,0,0,FALSE,PET,-0.015674811683794258,0.36232992652502344,0.9667857410585197,0.30840138884682083,-0.5816068188086252,0.19919768243536815,0.01401777192935563,0.21955020272037074,FALSE,-0.5659320071248309,-97.30491267005726
2642-8,8,8,8,0,0,FALSE,PET,0.11324915498650945,0.4486660427875239,0.8178077717693888,0.19009146381015116,-0.5889197767953959,0.24313113347114848,0.04606700870339966,0.21972033943626362,FALSE,-0.4756706218088864,-80.77002005217855
2642-9,8,8,8,0,0,FALSE,PET,-0.035555966706164115,0.1815931504683108,0.8583320216863264,0.2714829174879469,-0.285489233925574,0.11815641542621412,0.04795327989059983,0.04229438133594358,FALSE,-0.2499332672194099,-87.54560155657798
2683-1,446,328,328,118,118,FALSE,PEESE,0.48188445790249096,0.1802468318345382,0.01845651577172933,0.08584118126844652,0.47974961188988735,0.1802119990741225,0.018846659430655246,0.4019833238528871,FALSE,0.0021348460126036084,0.44499171227961315
2687-1,10,10,10,0,0,FALSE,PEESE,0.1651594554680431,0.01725851648835187,0.0034515715483378877,0.6018742223745916,0.18219487726840977,0.03067897302537156,0.009021839411311187,2.9115829300329954e-9,FALSE,-0.017035421800366685,-9.350110198361985
2687-2,17,17,17,0,0,FALSE,PEESE,0.3242649791982253,0.11729565579689864,0.03666477476004071,0.17849799761813392,0.2452079374361113,0.06973392620899783,0.013131942106774661,0.02846653900474033,FALSE,0.07905704176211398,32.240816748728705
2687-6,9,9,9,0,0,FALSE,PET,-0.08702075843623772,0.14155387572432301,0.6158683353100084,0.491955567348897,0.02752108068590111,0.041798808688207845,0.5755772835339009,1.4755778577754813e-10,FALSE,0.059499677750336606,216.1967345301885
2687-7,15,15,15,0,0,FALSE,PEESE,0.17867482232109283,0.04416173274008768,0.02214898498226435,0.41938560131449726,0.1997331224810273,0.05010681045431064,0.014798170898998172,0.010810019894810813,FALSE,-0.021058300159934457,-10.543218820371065
275-1,17,17,17,0,0,FALSE,PET,0.12701744247611899,0.506210216941015,0.8236290899202616,0.24643923069019935,0.993713932833348,0.20960352083776945,8.113082885110914e-4,0.29699924060927074,FALSE,-0.866696490357229,-87.2179066550916
275-10,14,14,14,0,0,FALSE,PET,-0.12891842024574432,0.36236100630899715,0.7554069873604969,0.40433252767573846,-0.4093782963511957,0.245637003698106,0.1312187489325185,0.45495109127961036,FALSE,-0.2804598761054514,-68.50873106982
275-11,34,34,34,0,0,FALSE,PEESE,-1.148779443788493,0.2308677242012784,5.122971548810816e-4,0.6095871861011732,-1.0704377775320273,0.195724890901806,2.301335996301559e-5,0.43761545988620465,FALSE,0.07834166625646577,7.318656712311501
275-12,17,17,17,0,0,FALSE,PET,-0.6803330622246133,0.6042801194416926,0.2995604863746615,0.8228479479871158,-0.8154741626903874,0.1888310173446594,0.0012420881015385388,2.454537540840222e-6,FALSE,-0.1351411004657741,-16.572088565003792
275-13,19,19,19,0,0,FALSE,PET,-0.4618116106141513,0.3200612676587975,0.2389604838258608,0.14332463199401593,-1.1973213699624352,0.18272485551402673,2.5864559361548486e-5,0.26579363604377193,FALSE,-0.7355097593482839,-61.42960259461165
275-14,7,7,7,0,0,FALSE,PET,2.340018132518759,4.083826144700531,0.6426369354240598,0.6044610351069287,-0.5574948197976971,0.9791376070685704,0.5996946788583509,4.347242653327118,FALSE,1.7825233127210618,319.7380943141142
275-15,20,20,20,0,0,FALSE,PET,0.9437230788204505,0.6655660596641862,0.21945932340008825,0.6153173900447959,0.6271070842540811,0.3180022949472407,0.0752826760022842,0.9752080145911031,FALSE,0.31661599456636935,50.48834601238343
275-16,7,7,7,0,0,FALSE,PET,2.340018132518759,4.083826144700531,0.6426369354240598,0.6044610351069287,-0.5574948197976971,0.9791376070685704,0.5996946788583509,4.347242653327118,FALSE,1.7825233127210618,319.7380943141142
275-2,21,21,21,0,0,FALSE,PET,-0.2543640957510398,0.21365282859534973,0.3123740637245899,0.061089769971976765,-0.8123815240085037,0.1580929822161716,1.2488456877515847e-4,0.2541928972693722,FALSE,-0.5580174282574639,-68.68908410226508
275-3,8,8,8,0,0,FALSE,PET,-0.675933693573945,1.6774040248035247,0.7140863820458225,0.9724045552464176,-0.7496840507670056,0.4040025764231087,0.11353692938155685,0.9656489119020636,FALSE,-0.07375035719306067,-9.837525170450979
275-4,19,18,18,1,1,FALSE,PET,-1.2815649735067849,0.6878898908838519,0.12021198208316101,0.10062298512675298,-0.02750425626313498,0.4143826904078232,0.9479626668619318,2.419985490221546,FALSE,1.25406071724365,4559.515099212175
275-5,14,14,14,0,0,FALSE,PET,-0.5157079178685936,0.5120922674294244,0.3822941241057168,0.4873818502943644,-0.8724611249157497,0.256463409166344,0.005703343207003504,0.5472208641522841,FALSE,-0.3567532070471561,-40.890441632182345
275-6,16,16,16,0,0,FALSE,PET,0.49791747967274946,0.41091428589805384,0.2789006900598533,0.18471416812214558,1.0548586007963807,0.2833913817826824,0.003121385978752873,0.7986782881050972,FALSE,-0.5569411211236313,-52.79770394848756
275-7,8,8,8,0,0,FALSE,PET,2.024172921170136,1.641113527728455,0.3121062177782572,0.5788824093273824,1.1555930564489543,0.5486499933563179,0.09130393599334116,1.4447397558972455,FALSE,0.8685798647211815,75.16312597016277
275-8,15,15,15,0,0,FALSE,PET,0.35686388244329925,0.7378485129503024,0.6467891682665314,0.3685399719638382,0.9672378256517581,0.2710935996249555,0.0035555686205964838,0.7732975187807635,FALSE,-0.6103739432084588,-63.10484629746235
275-9,11,11,11,0,0,FALSE,PET,-0.2268677529017165,0.39040715032088347,0.6302907821067385,0.20684846422773767,0.6325060549444667,0.18620707455213487,0.024433815783549938,0.04791407800398001,FALSE,-0.40563830204275014,-64.13192393523644
276-1,7,7,7,0,0,FALSE,PET,-1.6039169187598954,0.7058231548382421,0.1308586648825081,0.10275725167168698,-0.17082064792078538,0.3460372685759065,0.6433961121037389,0.1101048661730583,FALSE,1.43309627083911,838.9479189328911
276-2,7,7,7,0,0,FALSE,PEESE,-0.5286959491363218,0.14495555591341389,0.09812649479874966,0.14986650101028173,-0.15763501882785538,0.26450759755035613,0.5862123624296502,0.04212231430383945,FALSE,0.37106093030846643,235.392448370677
276-3,5,5,5,0,0,FALSE,PET,-0.8063032399899788,0.21794565000735372,0.14490017550904344,0.1148319138753874,-0.07010934254610247,0.21726800022617113,0.7742730234109408,8.325580084881848e-9,FALSE,0.7361938974438763,1050.0653275414331
276-4,6,6,6,0,0,FALSE,PET,-0.2607940244315736,0.9419847588371477,0.8080756747460374,0.8538819652995797,-0.12197825710823335,0.34005345430531914,0.7386197548264288,0.05560863669576162,FALSE,0.13881576732334028,113.8036979821467
276-5,5,5,5,0,0,FALSE,PET,0.09993189112178391,1.1127018998667753,0.9358987782068368,0.8731885973288542,0.3182274365161924,0.2048786793073746,0.22193141936543864,8.815685438086208e-9,FALSE,-0.21829554539440849,-68.5973364786543
276-6,6,6,6,0,0,FALSE,PET,-1.622333298785242,1.3615893440575118,0.39306453352693005,0.3823533232412026,-0.3577305550838686,0.5554759853773594,0.5490744382563786,0.5848086388535872,FALSE,1.2646027437013734,353.50705320793526
276-7,6,6,6,0,0,FALSE,PET,-0.2813644978573896,1.7020392933234478,0.8825947912429696,0.9248074017615602,-0.4903432857498023,0.49610654004899074,0.3706920255661071,0.49923014281601635,FALSE,-0.2089787878924127,-42.61887415728664
276-8,5,5,5,0,0,FALSE,PET,0.5768226761483257,1.4593513595287988,0.734446466308476,0.4791433278669325,-0.3666857854756451,0.3513313121670262,0.3778705231311144,0.09918945096110486,FALSE,0.2101368906726806,57.30707297532745
276-9,5,5,5,0,0,FALSE,PET,1.0968418135961389,1.9431178964551146,0.624129613403132,0.4295919284774967,-0.7262540838108966,0.3770067413851712,0.13563292480654437,0.036011768685866176,FALSE,0.37058772978524224,51.02728343235541
278-1,50,39,39,11,11,FALSE,PEESE,4.249099749761973,0.3319305727005188,8.849890123775334e-11,0.0026026607309452103,4.8905499264414605,0.2948414749443082,6.711897879091224e-15,1.4788495545327096,FALSE,-0.6414501766794878,-13.116115494729852
278-2,31,20,20,11,11,FALSE,PEESE,6.518806102621509,0.48810657885847675,5.698596132508622e-7,0.4245364951109798,6.67453886670175,0.3774651811501637,7.0152239264815435e-9,2.5797393361006208e-6,FALSE,-0.1557327640802404,-2.3332363057643914
2782-1,15,15,15,0,0,FALSE,PET,-0.001636294611480937,0.019972911185037464,0.9374755745019429,0.12038134421433298,0.030582154880104018,0.01461849173157957,0.07012765355300841,5.778618469462723e-4,FALSE,-0.02894586026862308,-94.64951172376192
2809-2,16,16,16,0,0,FALSE,PET,0.24750284013605145,0.20225991959866907,0.330499457787791,0.5317091469413023,0.4177033757126035,0.1251537793689467,0.051312137864056834,7.940253624061696e-8,FALSE,-0.17020053557655207,-40.74674648874679
2899-1,330,330,330,0,0,FALSE,PEESE,0.10397244398905917,0.01861890825692485,2.732839575056894e-6,0.7719644764496442,0.1016916968982137,0.01776102822249853,5.720379332183317e-7,0.00885495059687667,FALSE,0.0022807470908454697,2.2428056177765807
2899-2,330,330,330,0,0,FALSE,PET,0.030050314923528304,0.041486217017847174,0.4837000573834962,0.3046986221072302,0.07639573249374175,0.023179462635687743,0.0017749677561976396,0.01582918012075645,FALSE,-0.046345417570213446,-60.664929908238015
2899-3,426,426,426,0,0,FALSE,PEESE,0.11664866110657025,0.017218286000589802,1.6550707770615868e-8,0.885586567704433,0.11731346851499135,0.015586982473705019,1.5392266160762878e-10,0.008823520514394511,FALSE,-6.64807408421092e-4,-0.5666931656156233
2900-1,142,137,137,5,5,FALSE,PEESE,0.4725153145919581,0.07107303507299521,3.788436686567012e-8,0.9784433085170372,0.473077294798592,0.06943407977172596,1.5034227729365314e-8,0.1210295549597831,FALSE,-5.619802066338941e-4,-0.11879247066235797
2914-1,91,91,91,0,0,FALSE,PEESE,-0.0399747811554361,0.01617691779223667,0.022301823284723712,0.9027804184309264,-0.040373564102488685,0.016074357612659882,0.01993100363210634,0.002638313684119108,FALSE,-3.987829470525825e-4,-0.9877328294333096
2914-2,17,17,17,0,0,FALSE,PET,-0.058748840689561314,0.03670919991197667,0.2452867269710654,0.6967089867076731,-0.048613287512867226,0.02104865851962852,0.07908864333079473,7.934700794018781e-4,FALSE,0.010135553176694088,20.849347360042984
2914-3,13,13,13,0,0,FALSE,PET,-0.09746811616992501,0.03208561802464942,0.11224324821565522,0.5690213048165844,-0.1136345535496957,0.04245076814598683,0.06720186516961162,0.0018542336065523358,FALSE,-0.016166437379770693,-14.226691507790928
2914-4,114,113,113,1,1,FALSE,PET,0.06509869447658685,0.056916352273175215,0.2705030117695113,0.276330784548803,0.03182610018081527,0.05279054274583937,0.5538018946468184,0.023739004499246638,FALSE,0.03327259429577158,104.54499328142083
2938-1,13,13,13,0,0,FALSE,PET,0.5376047586914823,0.6561928564467011,0.5046052075109255,0.5532748549811111,0.9146753225494721,0.30597770252845574,0.035561571455277725,0.25415440175843057,FALSE,-0.37707056385798987,-41.224525748325874
2938-2,15,11,11,4,4,FALSE,PEESE,1.5761524592489944,0.12842538156270053,0.025644383752960978,0.2693704986423895,1.4952503472967549,0.1351207436456369,0.017916590197951995,1.3804010388565785e-7,FALSE,0.08090211195223951,5.410606464563039
2941-1,27,27,27,0,0,FALSE,PEESE,0.43834999572923766,0.08684493285729418,7.665380420010568e-5,0.6949447029259406,0.4550187124392408,0.08509787423253715,3.6370704250676194e-5,0.11110854488111752,FALSE,-0.01666871671000314,-3.6633035640768146
2941-2,7,7,7,0,0,FALSE,PET,0.05191606739866811,0.07255150723529184,0.5487790489819054,0.013680851592789771,0.659349385710219,0.157057516227546,0.007903356949920368,0.051397726036418366,FALSE,-0.6074333183115508,-92.12616732132892
2941-3,22,22,22,0,0,FALSE,PEESE,0.3645044983679439,0.07298996317187516,1.860840368164937e-4,0.952121051677583,0.3610419624928163,0.06718067656029807,4.474553656933439e-5,0.05869331401226965,FALSE,0.003462535875127626,0.959039733559093
2941-4,20,19,19,1,1,FALSE,PEESE,0.44571320744532156,0.09235946501584245,4.082555540211643e-4,0.787908683579728,0.4529776605891423,0.08898564593823118,2.0809722836677172e-4,0.08020318318781584,FALSE,-0.007264453143820737,-1.603711126586816
2941-5,8,8,8,0,0,FALSE,PET,0.12370204604318429,0.18796653677347816,0.5611150613246721,0.3251977302611833,0.41165177687170224,0.10232809534125933,0.006308425162269775,0.02705361295028389,FALSE,-0.28794973082851794,-69.94983308872295
2941-6,7,7,7,0,0,FALSE,PET,0.6969685618725978,0.2782960075265459,0.11426790397131237,0.7931484559873834,0.7842576775893708,0.19064845035042902,0.00907255413199052,0.08330309623740056,FALSE,-0.087289115716773,-11.130157626901383
2941-7,7,7,7,0,0,FALSE,PET,0.02157662460565074,0.1027926099830656,0.8497004888666936,0.06781634378826984,0.3472440968787363,0.0822235591543987,0.012091968355170431,0.011298633023686465,FALSE,-0.32566747227308557,-93.78632356904092
2941-8,6,6,6,0,0,FALSE,PET,0.1463733244266081,0.3096748910578497,0.6681795453479181,0.46432937969982946,0.5276474483987592,0.21569948675890274,0.06112649982293638,0.11633543928198205,FALSE,-0.3812741239721511,-72.25925665502521
2961-1,22,22,22,0,0,FALSE,PEESE,0.07613389752456098,0.17015358807331238,0.6635062295297032,0.025201885511807562,-0.29007421841033865,0.1691695977651389,0.10375933243101107,0.180809916181432,FALSE,-0.21394032088577766,-73.75364899997349
2961-2,21,21,21,0,0,FALSE,PET,0.19128526268326618,0.32199544341808145,0.567751407205449,0.14265745590129722,-0.4121766629860833,0.19375236178151933,0.047280078439718744,0.27970138188737337,FALSE,-0.22089140030281712,-53.59143788067285
2975-1,222,220,220,2,2,FALSE,PEESE,1.1499909537781923,0.24150871924990316,9.238271312316004e-5,0.5936757658683456,1.045217667379746,0.11374797153184867,4.195973812004307e-14,0.8438986615537344,FALSE,0.1047732863984463,10.024063854670791
2975-2,62,60,60,2,2,FALSE,PEESE,1.0541401532550476,0.28364663357331626,0.0092078476113723,0.1938032631068268,0.7426634550416206,0.14659549721476917,8.754820263760038e-5,0.1559816942402151,FALSE,0.31147669821342705,41.940490823797326
2975-3,249,246,246,3,3,FALSE,PEESE,0.9207795262455258,0.1937283608577598,6.909735656255271e-5,0.7334898962171181,0.867636155605463,0.1018662866783323,5.761171895359231e-13,0.7164667576866723,FALSE,0.053143370640062804,6.12507562031895
2975-4,35,33,33,2,2,FALSE,PEESE,1.862249752123747,0.4903344336863243,0.0059752171008032,0.6748462462423727,1.6559560521106182,0.2421577428244186,3.228258106942469e-6,0.6443361223459334,FALSE,0.20629370001312886,12.457679643743854
30-1,83,83,83,0,0,FALSE,PEESE,-0.032683192110465296,0.0067284396054411305,5.767160975376839e-5,0.8921159823156368,-0.033100343686103914,0.006841725921964272,5.984129199449288e-5,0.001127000846309221,FALSE,-4.1715157563861766e-4,-1.260263577908845
3039-1,54,54,54,0,0,FALSE,PET,-0.05155111620633794,0.10381230114902879,0.6252988894499765,0.0037496404726622004,-0.3728607216633515,0.07966891583748253,4.1823928168081106e-5,0.16553213874177852,FALSE,-0.32130960545701354,-86.17416284119022
3039-2,186,186,186,0,0,FALSE,PEESE,-0.3591542598008324,0.04679191279776111,3.53292165600242e-11,0.24703505064940703,-0.3877968731710488,0.04640238977430077,7.349991112599477e-13,0.1330113866532349,FALSE,-0.028642613370216397,-7.385983578465514
308-1,20,19,19,1,1,FALSE,PEESE,0.8905521677664727,0.34176960142654667,0.026573754558249674,0.1847247160126742,0.7272475200660048,0.31421800900203944,0.040189621632676226,0.1813710062028021,FALSE,0.16330464770046793,22.455167352876835
311-1,13,13,13,0,0,FALSE,PET,0.1333159306119493,0.13944541566463992,0.4085154636005043,0.425851249278053,0.276327581854166,0.11043181862741086,0.054039064153922144,0.04579966407078565,FALSE,-0.1430116512422167,-51.754388860715395
3117-1,13,12,12,1,1,FALSE,PET,0.7290838579563567,0.3956151545682959,0.15244525327517508,0.003967460011672143,1.6139427168930114,0.5368406462658714,0.05011544024731835,1.2205358189749131,FALSE,-0.8848588589366547,-54.82591480322732
3117-2,30,30,30,0,0,FALSE,PEESE,1.1836231046137775,0.1363209382109106,2.7561749998252714e-6,0.17466517620995897,1.3568787062630903,0.14128721224108254,4.7283922189048386e-7,0.10095530150825198,FALSE,-0.17325560164931275,-12.768687492080046
3125-1,5,5,5,0,0,FALSE,PET,-0.019667030999147902,0.019506233208008084,0.4161965433578628,0.8277260463399161,-0.014833922911774527,0.014633931076033408,0.4072767846144231,2.870703292302497e-4,FALSE,0.004833108087373375,32.58145614021671
3125-10,5,5,5,0,0,FALSE,PET,0.06330804223185398,0.04444539857225848,0.2769934571367764,0.4668378889170828,0.020278285414418708,0.007869487215572504,0.14390390361661343,5.289763002852345e-11,FALSE,0.04302975681743527,212.19622832036535
3125-2,5,5,5,0,0,FALSE,PET,0.047095783638136,0.03123375480196973,0.2990787347675714,0.06522196205201045,-0.037308680912926766,0.029558174351154615,0.3493413967404633,3.527184372614866e-4,FALSE,0.009787102725209232,26.23277608782513
3125-3,5,5,5,0,0,FALSE,PET,0.12172232564212265,0.1005606979949096,0.3852123204539676,0.34277478273527795,0.009138125822946774,0.05908815185534451,0.8864438494131721,0.003247954909152574,FALSE,0.11258419981917588,1232.0272449791112
3125-4,5,5,5,0,0,FALSE,PET,0.1077645972182332,0.7878777909697551,0.9097144897006325,0.9944438988185931,0.09951185244043606,0.30273939180623743,0.758884310934528,0.2165013913714064,FALSE,0.008252744777797139,8.29322796773069
3125-5,5,5,5,0,0,FALSE,PET,0.008158096081777755,0.046354068388785495,0.8803097769875429,0.8116033712398787,-0.006391686757914962,0.022388254110072493,0.8035590485734494,2.28869482242946e-4,FALSE,0.0017664093238627925,27.636043360157007
3125-7,5,5,5,0,0,FALSE,PET,0.01656992861518026,0.03301737344119418,0.6853055072477949,0.8719629508864795,0.012833241153364415,0.009329303534198499,0.3813588203735568,1.1375466533601054e-10,FALSE,0.003736687461815843,29.117254302014093
3125-8,5,5,5,0,0,FALSE,PET,-0.1596858102820896,0.04318025255420925,0.11149562420350312,0.1821274793597662,-0.03984914240347858,0.04306676906125554,0.45846886257255337,2.7156275646568315e-10,FALSE,0.11983666787861103,300.7258391291001
3125-9,5,5,5,0,0,FALSE,PET,0.4232828439268121,0.36392169336658986,0.373603573161594,0.29521599150946803,-0.04007415813871609,0.15639644162538258,0.8137005834075132,0.021485616339493217,FALSE,0.38320868578809597,956.248873554935
3136-1,248,225,225,23,23,FALSE,PEESE,-0.6405722821015766,0.11957116708687528,1.6268318804650635e-5,0.43809105562992623,-0.6525286518765511,0.11599108779902373,8.179104455538575e-6,0.19833130427113901,FALSE,-0.011956369774974496,-1.8323133766755222
314-1,6,6,6,0,0,FALSE,PET,0.03590341843558609,0.027774045236656605,0.2996298963075805,0.1635774315508753,0.09784454100033195,0.037045670746944814,0.05089916345450514,0.0032278317127359094,FALSE,-0.06194112256474586,-63.30564989265545
314-2,8,8,8,0,0,FALSE,PET,-0.014912684401084154,0.05129498585911895,0.7883458212873612,0.021996145320927328,0.2512353734540545,0.12870236794232265,0.10528048197085625,0.06533457824322346,FALSE,-0.23632268905297035,-94.06425767356707
315-1,37,35,35,2,2,FALSE,PEESE,-0.47956525569821107,0.14949104886669226,0.005580716635862885,0.9767345011291054,-0.4780464616663321,0.1461735513778773,0.0047036005283330575,0.2796444307953651,FALSE,0.0015187940318789894,0.3177084559071751
315-11,26,26,26,0,0,FALSE,PEESE,-0.8679094382648065,0.25780074228493344,0.010540533854939488,0.7765585883382109,-0.8454755871675577,0.25970272637424535,0.011806868950705965,0.4995876908097341,FALSE,0.022433851097248825,2.653400220863249
315-12,16,15,15,1,1,FALSE,PEESE,-1.049867897183292,0.4663328276113934,0.059253067560393634,0.20189480994298703,-1.0340414804059024,0.4636946898818894,0.060994290075922566,1.6370765798377915,FALSE,0.015826416777389607,1.5305398359045626
315-13,36,36,36,0,0,FALSE,PEESE,-0.6509610624950498,0.19857016271924469,0.00831481388245326,0.5139300083583437,-0.5752496820744666,0.1797099388825139,0.008454014979004795,0.36482706897686135,FALSE,0.07571138042058323,13.161481488795038
315-14,30,30,30,0,0,FALSE,PEESE,-1.131997784930207,0.41344454388404905,0.040886572483995944,0.08968800315442783,-1.1001705173066871,0.40470086567298197,0.04187958511321883,0.9541318265085384,FALSE,0.03182726762351984,2.892939514634127
315-5,26,26,26,0,0,FALSE,PEESE,-0.6258791931591197,0.233361178082532,0.021387732098252104,0.9405735814818639,-0.6215543571075209,0.21387919889521678,0.013216513112178583,0.5397052709647626,FALSE,0.004324836051598724,0.6958097875340905
315-8,17,17,17,0,0,FALSE,PET,-1.0372784189364692,0.5733172457466678,0.15053540905011212,0.2678145181966533,-0.4177008641144102,0.22472286967224603,0.11461052693893051,0.23387451429588396,FALSE,0.619577554822059,148.33044603239168
315-9,10,10,10,0,0,FALSE,PEESE,-0.42478633688015,0.13553107583424487,0.03730068262462901,0.8521045238914435,-0.40932544014452626,0.12313794220122837,0.024806217663265354,0.04690084165293605,FALSE,0.01546089673562373,3.777164871590863
3207-1,18,18,18,0,0,FALSE,PET,0.8737471089107156,0.5521940510169879,0.162484870332454,0.44452895622032057,0.26682247681846644,0.2317079782373836,0.2677275756265841,0.6349021262829837,FALSE,0.6069246320922492,227.46383263100148
3207-2,16,16,16,0,0,FALSE,PET,0.5188103886085922,0.24586797036238142,0.11576300138089246,0.35019915146872604,0.28021747793820223,0.1010367763275149,0.01754120732256261,3.6722750288208906e-8,FALSE,0.23859291067038996,85.14562061792878
3207-3,6,6,6,0,0,FALSE,PEESE,0.4974165198479693,0.2348801324458331,0.12963350709921095,0.20720232156924726,0.19182832405045414,0.22193489217266996,0.43067468394390496,0.08509310815249947,FALSE,0.30558819579751517,159.30295867941808
3207-4,6,6,6,0,0,FALSE,PET,1.1026991207768848,0.5184037002882469,0.12599771048630473,0.5006458718065507,0.7552038389922436,0.18981874361437243,0.014308553855628826,0.052612161446828794,FALSE,0.3474952817846412,46.0134421785176
3214-1,265,264,264,1,1,FALSE,PEESE,0.10206636590011792,0.031143833638217724,0.0015264029386208519,0.9438579856350104,0.10227115354038713,0.030973669713367877,0.001413464098615363,0.0495159112156099,FALSE,-2.047876402692106e-4,-0.20023988503106055
3214-10,297,297,297,0,0,FALSE,PEESE,0.044952625457615254,0.014579963426440176,0.002965275619471828,0.11808501440792102,0.04109718255040628,0.013755337598833753,0.003930019119256106,0.008093912088279785,FALSE,0.003855442907208975,9.381282774020384
3214-11,77,77,77,0,0,FALSE,PEESE,0.16856974294284244,0.035531553138705846,6.825737202417786e-5,0.6135819727651646,0.17155371251668755,0.035909828167233794,5.742427497186983e-5,0.028825378653442067,FALSE,-0.0029839695738451133,-1.7393791892174024
3214-12,64,64,64,0,0,FALSE,PEESE,0.1568788512564735,0.0521675124533848,0.005725705873552683,0.6901393274163001,0.16321221937073963,0.05489273773557306,0.006118795152176934,0.06405744151212489,FALSE,-0.00633336811426613,-3.880449722872627
3214-13,46,46,46,0,0,FALSE,PEESE,0.2083286258952421,0.09300365163827734,0.03937953180657284,0.4108851874623579,0.16274232549615675,0.086606282154136,0.07685408999383074,0.10076953585434836,FALSE,0.045586300399085344,28.011336485517955
3214-14,64,64,64,0,0,FALSE,PEESE,0.21752761564302617,0.07346425426993193,0.011549908314430726,0.07716793852768239,0.1979802131293973,0.07142670226884099,0.016422503208939183,0.048886718910902294,FALSE,0.01954740251362888,9.873412198446797
3214-2,52,52,52,0,0,FALSE,PET,0.16259100986423142,0.13940776267008853,0.25542126613029775,0.74901155803634345,0.1538863923029165,0.1321767633225361,0.25580265830018195,0.3872090021834862,FALSE,0.008704617561314909,5.656521951713814
3214-3,111,111,111,0,0,FALSE,PEESE,-0.05952096545289796,0.03479472616731316,0.09464813124976128,0.18462883855618525,-0.059362757929000816,0.03422270000288162,0.09025125131096874,0.03435767086765723,FALSE,1.5820752389714143e-4,0.26650972666458855
3214-4,229,229,229,0,0,FALSE,PET,0.003975450685305584,0.020708021610715388,0.8485021159584466,0.7241287961454054,0.00802117904968375,0.01848751982652635,0.6658764532383217,0.013095220131098078,FALSE,-0.004045728364378166,-50.438075740718894
3214-5,70,70,70,0,0,FALSE,PET,0.0482229926664087,0.07021433702628228,0.5015133643666102,0.05085470040203644,0.10560244445913132,0.06732707849299692,0.1334537876742288,0.07400981098449147,FALSE,-0.05737945179272262,-54.335344306285215
3214-6,33,33,33,0,0,FALSE,PEESE,0.2079849577136115,0.06668994377662216,0.006554180993652028,0.564827579917204,0.1945133728997043,0.059067519619610764,0.00454313753553274,0.03265060085309731,FALSE,0.0134715848139072,6.92578850136616
3214-7,196,196,196,0,0,FALSE,PET,-0.01620594839282996,0.03208110329537125,0.6151573720269835,0.05210999754750779,-0.05274759431059474,0.028459343233465953,0.06774962590185415,0.0366867489528375,FALSE,-0.03654164591776478,-69.27642178825418
3214-8,52,52,52,0,0,FALSE,PEESE,0.1811258546796659,0.04364802245175005,5.933581746964883e-4,0.7871950375454843,0.18488499610598685,0.04318449001138787,3.802373664490353e-4,0.02969797938525595,FALSE,-0.0037591414263209444,-2.033232282497378
3214-9,52,52,52,0,0,FALSE,PET,0.05707272266691249,0.06195871217611387,0.3688594543761319,0.006722544730146742,3.771129321539163e-4,0.056366525957314846,0.9947278208716871,0.034681902088287725,FALSE,0.056695609734758574,15034.119729317215
3276-1,14,14,14,0,0,FALSE,PET,0.056257392530922164,0.028271256350209925,0.13063667422451863,0.23048102803250783,0.09196234184917598,0.026877604389445843,0.010679837178669693,0.001877261417253404,FALSE,-0.03570494931825382,-38.825619922568066
3276-2,9,9,9,0,0,FALSE,PET,-0.06996648692590733,0.04144570007595935,0.251740860532669,0.08914215783127229,0.07104636242865842,0.03512531682781653,0.08529677797609457,0.0029973241749197375,FALSE,-0.0010798755027510848,-1.5199588914005944
3278-1,15,15,15,0,0,FALSE,PET,-0.5005480841377126,0.5177264926457938,0.41176392022424463,0.28853287283623236,0.37960103199296874,0.15603074447409726,0.09628280311126282,0.00919879105562908,FALSE,0.12094705214474383,31.86162363936463
3278-2,46,46,46,0,0,FALSE,PEESE,0.0318816376607,0.038471121245366356,0.45373227581708026,5.511497977728102e-4,0.31508287701208465,0.04928234208568518,3.5535683033794844e-4,3.954059665537105e-9,FALSE,-0.28320123935138464,-89.88150737893726
3278-3,40,40,40,0,0,FALSE,PEESE,-0.014200045227312176,0.04900057426674258,0.79173677683470145,0.002118412664056132,0.31863223200156543,0.04419921839309707,3.0422406237395693e-4,3.2734518369299403e-9,FALSE,-0.30443218677425327,-95.54343729191767
3278-4,44,43,43,1,1,FALSE,PEESE,0.05534144293597931,0.01636221140082749,0.0245833919637904,0.0026340910389237434,0.24480701058108312,0.045284790452262136,0.0027190480737685546,4.90243702923266e-9,FALSE,-0.1894655676451038,-77.3938488098773
3278-5,74,74,74,72,0,TRUE,PET,-82.88698846564256,62.857601021964626,0.23256365152191805,0.24391435624559332,5.4297697024890414,4.917121545773876,0.2861358373811619,109.00863256840061,FALSE,77.45721876315352,1426.5286192091469
3278-6,65,65,65,0,0,FALSE,PEESE,0.02011498826190492,0.03902677452649251,0.6280253811528713,3.135946900797359e-5,0.42454400377944435,0.08166413224380048,1.9880022305810048e-4,0.00569799533463628,FALSE,-0.4044290155175394,-95.26197800867895
328-1,11,11,11,0,0,FALSE,PET,0.16918770090886928,0.23941828982897376,0.5855721775411552,0.7318635230116255,0.25209352339314667,0.07185264575327746,0.009896665167252152,0.03766354022727921,FALSE,-0.08290582248427739,-32.88693075822639
328-10,13,13,13,0,0,FALSE,PET,0.20857867719434373,0.18872753093894393,0.3145875728219925,0.488987254123212,0.10313950889175853,0.05099160812568337,0.06603758341872089,0.015535273512103378,FALSE,0.10543916830258519,102.22965906618779
328-11,14,14,14,0,0,FALSE,PEESE,0.1332886473796966,0.06296361633067987,0.06958924669156648,0.36742583967908427,0.08182682521160668,0.03859144878021745,0.05399993639150544,0.009185012941545332,FALSE,0.05146182216808991,62.89113873721491
328-12,18,18,18,0,0,FALSE,PET,0.13522315301477889,0.08447348729347044,0.17008187719952095,0.46620927645318166,0.08240883790388447,0.03095029935511796,0.017227976448453874,0.00723928319243722,FALSE,0.05281431511089442,64.08816876230327
328-2,8,8,8,0,0,FALSE,PET,0.39697173726185575,0.2538150701694856,0.18749960014241596,0.37281225030427495,0.13431071199871802,0.08400756479070746,0.15400027599034002,0.026602228806195574,FALSE,0.2626610252631377,195.56223130262669
328-3,15,15,15,0,0,FALSE,PEESE,0.3750517214620472,0.09827412643868709,0.022062605151835536,0.06040374949248036,0.19413008825489778,0.043817990589960186,0.0017234233753012115,0.013852979279651343,FALSE,0.1809216332071494,93.19608043941889
328-4,5,5,5,0,0,FALSE,PET,0.4641580919256625,0.26354109825854133,0.19623827859909357,0.39334481234171614,0.24201105295979566,0.08699767947189492,0.050066712676805535,0.017025920814336917,FALSE,0.22214703896586682,91.79210463696103
328-5,9,9,9,0,0,FALSE,PEESE,0.47982931932619743,0.07959727021412603,0.010311072641765241,0.10190616809276763,0.34002997703834104,0.05557222950480392,2.85893181577027e-4,0.012833221041673757,FALSE,0.1397993422878564,41.11382869990105
328-6,19,19,19,0,0,FALSE,PEESE,0.4110053106590972,0.07800921617026026,4.0653676835407723e-4,0.06074084925591472,0.29916579507063823,0.04078862653454402,8.337100911476367e-7,0.014771770256954756,FALSE,0.11183951558845895,37.38379100526907
328-7,19,19,19,0,0,FALSE,PEESE,0.35843124272939414,0.03992047694059262,3.154851851794457e-5,0.05630710198876351,0.2746295110822637,0.027936430998791603,2.6661962944698985e-8,0.005269094236135629,FALSE,0.08380173164713045,30.514467042119204
328-8,23,23,23,0,0,FALSE,PEESE,0.5253878687982246,0.10411635788141098,4.1393637934103406e-4,0.07835165993144387,0.34187826698237406,0.05707474930698338,5.002659787449687e-6,0.0361360164306248,FALSE,0.18350960181585058,53.6768843002564
328-9,13,13,13,0,0,FALSE,PET,0.0834171837080345,0.11861370616077392,0.5333574548799594,0.73625775415533945,0.06033493115908641,0.06044526602215912,0.3476713680106676,0.029788673766762596,FALSE,0.023082252548948086,38.256863984955274
331-1,7,7,7,5,0,TRUE,PET,-8.308286764143759,6.4781225645646785,0.3114212711411222,0.13665351828392105,-26.617765480013595,10.137353938203455,0.06931415202953982,258.27367708461423,FALSE,-18.309478715869837,-68.78668583062625
3311-1,34,26,26,8,8,FALSE,PET,1.053165771154523,0.6659096630300263,0.2122926271146924,0.2843328526772805,0.12032738527819892,0.13607269107432543,0.3991949652554836,0.08275551460867497,FALSE,0.9328383858763241,775.250275504272
3311-2,30,28,28,2,2,FALSE,PET,-0.9555770901925204,1.5204779866003273,0.5847810652637386,0.7259142094510587,-0.26746806524718286,0.23317933744520702,0.27480076576046664,0.5058591700594213,FALSE,0.6881090249453374,257.2677318727437
3315-1,38,38,38,0,0,FALSE,PET,0.11207835711498382,0.1234375501467055,0.378597019257931,0.7463306271130713,0.1321347565919916,0.12388432647575695,0.3013282200603139,0.20387223863933532,FALSE,-0.02005639947700777,-15.17874629983868
3382-1,34,34,34,0,0,FALSE,PET,0.09051175834808844,0.07973883107670038,0.28044834295161225,0.01799887953818381,0.174554747055871,0.0657408697074295,0.019659737766326964,0.04862363859995322,FALSE,-0.08404298870778257,-48.14706567726991
3382-2,35,35,35,0,0,FALSE,PEESE,0.20530827614644642,0.08137309932373134,0.02745988892702815,0.8633465060375674,0.20231737359110855,0.0803405149311351,0.027679061264273795,0.039298024933961645,FALSE,0.0029909025553378765,1.4783221540739302
3382-4,59,57,57,2,2,FALSE,PET,0.27320232200629896,0.22926961837516768,0.2479749713268869,0.7032457847534729,0.32883338202852014,0.09659012447292106,0.0014760230581881517,0.2568729270287499,FALSE,-0.05563106002222118,-16.917704546613283
3382-5,72,72,72,0,0,FALSE,PEESE,0.28218302792615485,0.0561339888733513,5.305491764061121e-5,0.7392710448780422,0.2717751420232577,0.049457132459585294,1.4402585871021682e-5,0.04339232115855857,FALSE,0.010407885902897152,3.8295945042709154
3399-1,54,53,53,1,1,FALSE,PEESE,-0.10455506735617312,0.2410768335821073,0.6735259158145671,6.557248582978656e-4,1.7552224511267986,0.3302372754417286,2.034387362509422e-4,0.7679984700069381,FALSE,-1.6506673837706256,-94.04320134527381
3399-2,33,30,30,3,3,FALSE,PEESE,-0.25022508289405554,0.4481607192648567,0.587204348945799,0.4250510254351249,-0.8080862299613183,0.3418962469110054,0.03439263030753915,0.5955668165656326,FALSE,-0.5578611470672628,-69.03485375489774
3399-3,175,162,162,13,13,FALSE,PEESE,1.1376185520514277,0.477339077488778,0.028277250734717638,0.3858842359336687,1.7447041418695628,0.31441601634631305,2.287310499104178e-5,1.5562572915550361,FALSE,-0.6070855898181351,-34.79590466080993
3399-4,79,78,78,1,1,FALSE,PEESE,-0.15845720107419414,0.3269223831030369,0.6398136076757128,0.01730728337748676,1.1971744193757914,0.21398405940581475,1.431616604396326e-4,0.32857610944487065,FALSE,-1.0387172183015974,-86.76406724787739
3399-5,85,50,50,35,35,FALSE,PEESE,-2.572284792473849,0.8993823046635337,0.02301671683108421,0.07105089409489418,-0.2877121593637761,0.3615593046815501,0.4469994923910313,1.1708732347723398,FALSE,2.284572633110073,794.047995108026
345-1,87,80,80,7,7,FALSE,PEESE,-0.26357127460757157,0.18118126161429446,0.15660293805066383,1.3891484832893934e-6,-1.0970172930524997,0.154018742569441,1.5947423443916855e-8,0.5200654677340233,FALSE,-0.8334460184449282,-75.97382682326067
345-2,57,42,42,15,15,FALSE,PEESE,0.3183534104382327,0.2615159684633434,0.24064141088915922,0.010114683398753627,-0.4685100139676557,0.15602372499083633,0.01063475076817427,1.6313300302543285e-7,FALSE,-0.150156603529423,-32.04981730439369
3453-1,95,90,90,5,5,FALSE,PET,-0.038991275601046746,0.26873113655251335,0.8871006878067315,0.5134853599627798,0.13046861337664528,0.1666242813736463,0.44121771863270753,0.36319587362046724,FALSE,-0.09147733777559854,-70.11444010025293
3486-1,35,35,35,0,0,FALSE,PET,0.1268462643790237,0.13511519390968285,0.38953971762791195,0.012306983330690729,0.581615833262534,0.11677223037593056,4.114479835691313e-4,0.1092504180301602,FALSE,-0.4547695688835103,-78.19071333263258
3486-2,5,5,5,0,0,FALSE,PET,0.6251917590493076,0.24430991830935078,0.16793744002073824,0.39206949546136505,0.9348202336104021,0.08105317459336744,0.0062017728451609945,1.2170412384765239e-9,FALSE,-0.30962847456109455,-33.121712969911606
3486-3,22,22,22,0,0,FALSE,PET,0.16370575873318413,0.1174657803683072,0.25441823068000335,0.007345025511486388,0.7516949925528942,0.1706264044547843,0.0011735291941465053,0.2506898136280547,FALSE,-0.58798923381971,-78.22178405403376
3486-4,19,19,19,0,0,FALSE,PET,0.14412796252358706,0.21141348289152667,0.5966985182624106,0.1313958371380732,0.5589571915712673,0.11741977513604727,9.747558162093141e-4,0.06418832773218007,FALSE,-0.41482922904768027,-74.21484781000251
3486-5,6,6,6,0,0,FALSE,PEESE,0.2829912149905409,0.036166033335736876,0.025453557598005765,0.2887111993637953,0.30455792949367877,0.028179077589088983,0.0033487206371456365,2.0556747562955596e-10,FALSE,-0.02156671450313785,-7.081317678706336
3486-6,6,6,6,0,0,FALSE,PET,0.5604937454360542,0.9691883291035028,0.6100157779176751,0.926907692982055,0.6683218104775375,0.22065936984516518,0.03388583498957098,0.06046365948632579,FALSE,-0.10782806504148323,-16.134153240403244
350-1,48,47,47,1,1,FALSE,PEESE,0.6863051000950392,0.2826968077675931,0.05183865329448953,0.2933999808813821,3.8325713508176253,2.036032362805638,0.09258249459012789,39.68954016818715,FALSE,-3.146266250722586,-82.09282914071187
350-2,46,34,34,12,12,FALSE,PEESE,1.108885363315505,0.302694580894351,0.03587311681648067,0.040158326411682724,-0.5368669319724955,0.36975290629458823,0.21189515506235174,0.45491727412843863,FALSE,0.5720184313430094,106.54752551835598
3503-1,11,11,11,0,0,FALSE,PET,0.044887161736623826,0.019255478739612426,0.11864060567172897,0.5115231090730786,0.06401831739993938,0.01350610586635078,0.0019086930741275122,4.975540906701229e-4,FALSE,-0.019131155663315552,-29.88387767800606
3503-2,10,10,10,0,0,FALSE,PET,0.057196623517915726,0.03389709401284075,0.22299300535254116,0.37059607358634516,0.0990641465913251,0.022361719237374025,0.004423089585295608,9.910420516398193e-4,FALSE,-0.04186752307340938,-42.26304320384228
3513-1,18,18,18,0,0,FALSE,PET,0.01786336363978388,0.01972645833117273,0.5212735298002311,0.003219423688836734,-0.20343826932259174,0.08409906698720966,0.0724636300539273,0.00289288453666173,FALSE,-0.18557490568280785,-91.21927074032565
3513-3,13,13,13,0,0,FALSE,PET,-0.027091246709751132,0.14271081365770893,0.8657193538433499,0.08660228734183835,-0.6414706158724006,0.08778156378104231,0.009213104839652804,1.8056097906735615e-8,FALSE,-0.6143793691626495,-95.77669716438889
3565-1,20,20,20,0,0,FALSE,PET,0.0016767709720750723,0.0010509688349137215,0.15148175097407696,0.06534609955617597,-9.359443294071096e-4,0.0010880455801215072,0.4008757479086438,9.622407436857966e-6,FALSE,7.408266426679627e-4,79.15285336866695
3565-2,33,33,33,0,0,FALSE,PET,6.927680668234715e-4,0.002306352243293319,0.7675080679249123,0.1954718569376136,-0.0030768225473018517,0.0013951832369688813,0.03525629702802305,2.6653025041634206e-5,FALSE,-0.00238405448047838,-77.4843021925012
36-1,9,9,9,0,0,FALSE,PET,0.14812841633481402,0.2503543415139052,0.6034019318469104,0.17608800750248016,0.537259543352363,0.15334491827161045,0.012580502226990862,0.039091425882318384,FALSE,-0.38913112701754904,-72.4288906232302
36-2,7,7,7,0,0,FALSE,PET,0.17302500622415265,0.2002215450655546,0.4812298554018276,0.23670748617644924,0.3851970878978567,0.11247055126301934,0.020859269822548057,0.030256659273703974,FALSE,-0.21217208167370408,-55.08143450190518
36-3,7,7,7,0,0,FALSE,PET,-0.04929193796502551,0.31683114850659316,0.890474678341239,0.16100695218287112,0.3591179100769899,0.13072741370054267,0.06826371244639512,9.45774948826717e-9,FALSE,-0.3098259721119644,-86.27416328123039
36-4,7,7,7,0,0,FALSE,PET,-0.009424215564527522,0.20249901168733697,0.9661649787445648,0.3479278008558566,0.1135709498939314,0.15656392706057476,0.5387172277224063,1.5803379196438648e-7,FALSE,-0.10414673432940388,-91.70191358500638
3604-1,9,9,9,0,0,FALSE,PEESE,0.5196846040115329,0.04462127050902026,0.0070513875354218025,0.25691280480884976,0.40186288707109186,0.06835390117103923,0.006022514108243531,0.007984239136355946,FALSE,0.11782171694044108,29.318884806498126
3604-2,9,9,9,0,0,FALSE,PEESE,0.7409089474172076,0.19496190612653083,0.03843560126070324,0.036175863223094545,0.43303729542793257,0.14057276665226584,0.046452238642916116,0.01778945069175977,FALSE,0.307871651989275,71.09587447543811
3604-3,9,9,9,0,0,FALSE,PET,0.4100569756686858,0.11313750898131847,0.13091995730933922,0.9792877463857053,0.40400059068181143,0.20447270945236304,0.13133931296964807,0.0812924675091147,FALSE,0.006056384986874386,1.4991030029568349
3612-1,45,41,41,4,4,FALSE,PET,-0.7625011087584084,0.46267707967892985,0.12198515167032271,0.1318576760451428,-0.00476338013341809,0.16025951709794342,0.9764738171973727,0.6504527800128579,FALSE,0.7577377286249903,15907.563692198033
3612-2,55,50,50,5,5,FALSE,PEESE,-0.15598777619759657,0.16472776447139606,0.35413893717402434,0.0020989586327914704,-1.202094072785602,0.2277448465413206,6.16993953177602e-6,1.4133172055872427,FALSE,-1.0461062965880055,-87.02366314508753
3612-3,44,43,43,1,1,FALSE,PEESE,-0.05625641482919594,0.13542068154249162,0.6820513403129032,7.593160115904427e-6,-0.8064621221527954,0.1567952647204567,1.1044414806330028e-5,0.5824359718291998,FALSE,-0.7502057073235995,-93.02429546486034
3619-1,9,9,9,0,0,FALSE,PET,0.4283610474014319,0.2384761857347295,0.1908541440128563,0.25111238433800964,0.05052298587988714,0.04656226500511363,0.32601189617306026,4.104787524370381e-12,FALSE,0.37783806152154475,747.8537836615859
3619-2,14,14,14,0,0,FALSE,PET,-0.12725207273427455,0.08970733095456244,0.21317330814577978,0.1868281672951422,0.07414847690134288,0.06921443861645567,0.3190233837242813,0.030098972295844805,FALSE,0.05310359583293167,71.61791860349045
3619-3,34,34,34,0,0,FALSE,PET,-0.11074014100208787,0.38618302048839587,0.789124119007886,0.2894622341000444,0.3402634448844341,0.17342387245250318,0.07585541113858936,0.3158153114786688,FALSE,-0.22952330388234624,-67.45458771226534
3619-4,47,47,47,0,0,FALSE,PEESE,-0.24330367605216816,0.1776692445164258,0.23952772216692333,0.06878194219230574,0.25431456294784766,0.1487386604233297,0.13835199057020262,0.1313274449472753,FALSE,-0.0110108868956795,-4.329632864138223
3619-5,42,42,42,0,0,FALSE,PET,0.18305781241726138,0.10996009247949054,0.1414940374639917,0.15909122442636534,0.028417037992396296,0.07900807125314371,0.7245443297083952,0.06269900638916817,FALSE,0.15464077442486507,544.1832975915476
3619-6,44,44,44,0,0,FALSE,PET,-0.20409595251362744,0.2142029197298837,0.43445637283922267,0.08725792399442069,0.2586488039172962,0.13124174368572186,0.07024002076488875,0.18472937242186843,FALSE,-0.05455285140366878,-21.09147638707513
363-1,21,21,21,0,0,FALSE,PET,-0.10716728382228417,0.08523705167940701,0.2441822772572447,0.277199032108955,-0.028480612770877805,0.023943912533847887,0.2552175958337288,2.714694608661345e-10,FALSE,0.07868667105140636,276.2815241526882
363-2,11,11,11,0,0,FALSE,PET,-0.03476506612177916,0.02816760687214866,0.4145114463954455,0.6030810888411148,-0.03455919231497629,0.014916997201426842,0.2165200461723386,9.884886783348373e-5,FALSE,2.0587380680286982e-4,0.5957135945959421
3633-1,52,52,52,0,0,FALSE,PEESE,0.4317876832236857,0.06511383400422105,2.412260662414784e-6,0.1600111449099947,0.470316580273453,0.057137890199391854,8.388932788606303e-8,0.058626770667073384,FALSE,-0.03852889704976731,-8.192119662752631
3633-2,23,23,23,0,0,FALSE,PEESE,0.4044247497502623,0.09766132168374626,0.013571159873499944,0.17487745615229544,0.47522113953681394,0.10785783919266577,0.005934398433558516,0.061371939953730206,FALSE,-0.07079638978655162,-14.897567447347791
3633-4,42,41,41,1,1,FALSE,PEESE,0.606036410254697,0.1159462511373527,1.469782362108931e-4,0.0016909391274405729,0.8632884127453225,0.14820472136882787,3.0408379233154392e-5,0.3145273075907967,FALSE,-0.2572520024906255,-29.79907973889568
3633-5,40,39,39,1,1,FALSE,PEESE,1.1900883522336045,0.1393987067115636,2.1689247468961874e-6,0.04344245513671201,1.408954764215742,0.12740773995671267,2.2017232698554443e-8,0.1496387769928014,FALSE,-0.21886641198213752,-15.533955918305425
3633-6,26,25,25,1,1,FALSE,PET,0.2159217415556411,0.13750399045828654,0.16818213394325304,0.15328017606608757,0.45415120692846717,0.10866987791425092,0.005549708135839229,0.06827558397824104,FALSE,-0.23822946537282608,-52.45597980109504
3674-1,6,6,6,0,0,FALSE,PEESE,0.13981336726037066,0.0013683370540332207,0.006137163072352898,0.1136910601622765,0.1399293535978166,0.0030284067719131102,0.013584760681240812,1.3981757399597202e-11,FALSE,-1.1598633744594466e-4,-0.08288921120818675
3674-2,8,8,8,0,0,FALSE,PET,-0.004392208674653608,0.01283095164615816,0.7468065088041032,0.13104559251048978,0.016462070156811098,0.011586852678804722,0.2306321736424955,2.614335147550196e-4,FALSE,-0.012069861482157489,-73.31922028751436
3751-1,10,5,5,5,5,FALSE,PEESE,-4.560483257408461,0.33628048823573986,0.04502522828020708,0.3556841564248029,-4.526684738293475,0.35095739179709246,0.043712995168188024,1.3566642092615082e-6,FALSE,0.03379851911498655,0.7466506078735302
3751-11,6,6,6,0,0,FALSE,PET,0.0748456338728715,0.033962056644136554,0.12362242242117846,0.7434680552204218,0.06191504175197085,0.013014444434755867,0.031720340383092814,8.896468306816804e-11,FALSE,0.012930592120900655,20.884411533953386
3751-2,10,3,3,7,7,FALSE,PET,-0.7651280526091151,3.217669824793672,0.8513786876527069,0.7122966225716345,-1.881826359108696,1.61613313125204,0.42872997740728125,1.9770729095823856,FALSE,-1.1166983064995808,-59.34119803851038
3751-3,10,10,10,9,0,TRUE,PET,-4.362415183207911,9.074887721944535,0.6613889503354096,0.9850314077784856,-4.184255682604909,4.658147996390225,0.3955185900412551,72.98901022143849,FALSE,0.17815950060300256,4.257854063356122
3751-4,7,7,7,6,0,TRUE,PEESE,-17.696901310788977,3.2039490529512884,0.03612841908907243,0.7613900991696263,-17.194670073231084,2.4477197641966804,0.009232276783494548,6.053763519312827,FALSE,0.5022312375578935,2.920854168291222
3751-5,7,7,7,0,0,FALSE,PET,-0.025213012252509166,0.056309721289884276,0.7081774035401232,0.3077258138122553,0.02877263809477254,0.038060590355382354,0.4993596449511899,0.0020785979726385307,FALSE,-0.003559625842263374,-12.371565758198908
3751-6,7,7,7,0,0,FALSE,PET,-0.01987007501389218,0.057868973696902755,0.7768688744308032,0.3474299262111483,0.018593232217694353,0.0021252941190331603,0.06385985955624039,8.199591598517636e-11,FALSE,0.0012768427961978267,6.867244926800367
3751-7,7,7,7,0,0,FALSE,PET,-0.003852002833683044,0.009738345436800164,0.7464080334816046,0.45844117059083345,0.005300705397980433,0.014461401729447246,0.768406089433044,5.016897904695855e-5,FALSE,-0.0014487025642973888,-27.330373139570145
3751-8,14,14,14,0,0,FALSE,PET,0.010286092864648304,0.018485090027991577,0.6284266420425708,0.025852537761698213,0.09301506029945002,0.03818230412742376,0.06401574093503985,0.0067834024397615865,FALSE,-0.08272896743480171,-88.94147589483514
3751-9,6,6,6,0,0,FALSE,PET,-0.14268730855150225,0.1381327562852952,0.38453529987398016,0.5908193660295057,-0.015285050488836424,0.08828218807188871,0.8696650176739646,0.020588708478437807,FALSE,0.1274022580626658,833.5089122258066
3752-1,16,16,16,0,0,FALSE,PEESE,1.437183927636474,0.28099713207744553,0.03165584889459809,0.22249162623959554,0.7950270729246248,0.22334181118779156,0.010337167417023988,0.10170618402711218,FALSE,0.6421568547118491,80.77169653475825
3752-2,52,50,50,2,2,FALSE,PET,-1.5062451110243016,1.4029703319486666,0.3165718727509051,0.20367943229639204,0.4422163550207238,0.18215423616766127,0.03028689633196529,0.2071815169017412,FALSE,1.0640287560035777,240.61271002826516
3752-3,35,32,32,3,3,FALSE,PET,-1.3874944544506986,0.7466688420070438,0.15680823858757503,0.17733915881624163,0.13253507451679786,0.1943149158144466,0.5146936114416472,0.06334311244683113,FALSE,1.2549593799339007,946.888500654854
3752-4,22,22,22,0,0,FALSE,PET,0.4963554445801734,0.6940987088214504,0.5117548556011527,0.4831017345450317,1.0128429022165877,0.1838034546690158,1.7892587506653835e-4,2.3875303897945077e-7,FALSE,-0.5164874576364142,-50.99383690265204
3755-1,80,80,80,0,0,FALSE,PET,-0.041655523662410036,0.15724716193576183,0.7985114585397433,0.011549007140894164,-0.5731761722694803,0.08150695914281529,3.478588233590218e-5,3.7013851824044775e-7,FALSE,-0.5315206486070703,-92.7325095358595
3757-1,7,7,7,0,0,FALSE,PET,0.20880101457691302,0.2519675289069551,0.5170073552161011,0.2691328187142244,-0.25035187246773516,0.18825165938464403,0.24821759568157042,1.376545279641119e-7,FALSE,-0.041550857890822135,-16.596983070768573
3767-1,123,118,118,5,5,FALSE,PET,0.06117216837252892,0.14342649196012416,0.6784819042028503,0.07223995103350732,0.38602727183882585,0.07572017720538603,1.0733578634511562e-5,0.08122350493410595,FALSE,-0.3248551034662969,-84.15340758668742
381-1,52,50,50,2,2,FALSE,PET,-0.1472784951159544,0.14002270774991943,0.36374456901804736,0.19585733398906222,-0.4516716340772711,0.060657184909507944,0.0030388890256184786,2.331496184095009e-9,FALSE,-0.3043931389613167,-67.39257371855274
382-1,10,10,10,0,0,FALSE,PET,0.20417159244062558,0.1401231748160631,0.2126197326892383,0.12693324343366572,0.460829168049539,0.13456981541199856,0.01086538074410768,0.05959648438260469,FALSE,-0.25665757560891345,-55.694733190439635
382-2,7,7,7,0,0,FALSE,PET,0.20536990605736466,0.18669966078220898,0.3553642322691329,0.328247395051184,0.3225407256522483,0.15246030461742272,0.09580095803915187,0.048628615893160664,FALSE,-0.11717081959488362,-36.32744961366924
3862-1,455,455,455,0,0,FALSE,PEESE,-0.20607877591218007,0.04285807627413581,1.044267432511439e-5,0.1516318203108981,-0.1884090211759177,0.04147070108284867,2.317155983435774e-5,0.0872039356839079,FALSE,0.017669754736262366,9.37840164233118
39-1,1522,1522,1522,0,0,FALSE,PEESE,0.12015267394075735,0.03429021851540886,0.0012231682254949263,0.24919451696440026,0.10793030611066141,0.03330432936534534,0.0025280946171644205,0.03576574856950722,FALSE,0.012222367830095934,11.324314986714008
390-1,6,6,6,6,0,TRUE,PEESE,73.77639296511438,6.58445998880029,0.008165162695829807,0.5283216052346428,69.2735912937007,4.963647649183756,1.576629838189462e-4,114.40609072600346,FALSE,4.502801671413678,6.500026326516053
394-1,41,41,41,0,0,FALSE,PET,0.05072579172383465,0.08036209855456944,0.5332468124589009,0.021200963440003925,-0.16640005238382286,0.06643954412742802,0.01660332692265758,0.07914469772261151,FALSE,-0.1156742606599882,-69.51575976260561
3970-1,46,46,46,0,0,FALSE,PET,0.1697975880921439,0.13353544597926942,0.2404168917387777,0.21454631337358462,0.3221971703592263,0.06450304805958601,7.312301981427167e-5,0.02946338072243914,FALSE,-0.1523995822670824,-47.300099531342255
3970-2,74,74,74,0,0,FALSE,PET,0.05682072592929389,0.04840611421688454,0.29389835635255546,0.15575939000026462,0.14620484279485044,0.0417695344012211,0.004201464144624296,0.003969223996121134,FALSE,-0.08938411686555656,-61.13622172623737
3970-3,59,59,59,0,0,FALSE,PET,0.21557149522404462,0.15038370825530525,0.21770136694721917,0.5727230406967876,0.2942893049299362,0.06864934275677756,0.002489270802359021,0.028864581280631404,FALSE,-0.0787178097058916,-26.74844392480813
400-1,14,14,14,0,0,FALSE,PEESE,-0.1539943963594937,0.023912134076011875,0.03686881521409586,0.6398381209202246,-0.14791062623489448,0.02592586038542079,0.021698902436210366,1.9285482259699796e-14,FALSE,0.006083770124599208,4.113139318967977
400-10,7,7,7,0,0,FALSE,PET,0.18484455347970283,0.1845226743452857,0.44745986010638394,0.3377702765235947,0.06136074528276699,0.11501879560973514,0.6676405204361109,7.0879350458884585e-9,FALSE,0.12348380819693583,201.24235393147342
400-11,6,6,6,0,0,FALSE,PET,-0.09931593275548582,0.17070801250617737,0.614810610826398,0.6013433050587975,0.07247064651090629,0.15358461084443242,0.6815481890287787,0.03782799818966335,FALSE,0.026845286244579533,37.04297882942098
400-12,7,7,7,0,0,FALSE,PET,-0.2998697826197752,0.39612149066780994,0.5257410342537882,0.3962463901870327,0.01141455116007898,0.1762865027612709,0.9537699927585986,1.6999471196945977e-8,FALSE,0.2884552314596962,2527.0834342442977
400-13,15,15,15,0,0,FALSE,PET,0.28991710748638805,0.944827360494367,0.7853745828311586,0.9258946494138394,0.20789240812456658,0.2549770054485373,0.4651076027539959,0.05096686153771001,FALSE,0.08202469936182147,39.45536063667764
400-14,13,11,11,2,2,FALSE,PET,0.35260579130748326,0.5220646247879951,0.6005813171080576,0.8346927602696617,0.28701505895023105,0.20901921985258978,0.3365865752162752,0.0031983812909037366,FALSE,0.06559073235725221,22.852714626595873
400-15,18,17,17,1,1,FALSE,PEESE,-0.3531331992196116,0.03572159725312583,6.442842211476682e-4,0.5173951155327878,-0.3645615246799506,0.03267531829353308,2.6252389071461043e-4,2.0317342044360717e-9,FALSE,-0.011428325460339006,-3.1348139303432965
400-2,14,14,14,0,0,FALSE,PET,0.15731183387953995,0.17039175429826903,0.4448123960487332,0.17614089698063762,-0.10171519991353987,0.10364219194194557,0.41183602067618164,2.229471345514106e-8,FALSE,0.05559663396600008,54.65912077374711
400-3,68,67,67,1,1,FALSE,PEESE,0.251235888187553,0.1238206550403698,0.05841689921479971,0.400106067109202,0.2454895603158027,0.12374087904259634,0.06365658152420274,0.15139851717239128,FALSE,0.005746327871750279,2.3407626232081262
400-9,10,9,9,1,1,FALSE,PEESE,0.5270405656530001,0.08325216138621683,0.029931955347299775,0.22109699318283368,0.4351583687705025,0.04928593282519694,0.0051904938359562825,2.463468985786885e-9,FALSE,0.09188219688249755,21.1146569792744
4011-1,14,14,14,0,0,FALSE,PEESE,1.6399897304446287,0.2819384582294752,0.033134201746630385,0.06676412572752186,0.6925025476633097,0.2667285163918067,0.03708991594342091,0.37774118317872696,FALSE,0.947487182781319,136.82075047642732
4011-2,54,53,53,1,1,FALSE,PET,0.008661541573786805,0.3923722221033607,0.9830474684254904,0.07672681824884148,0.8260562537316635,0.1747057856696316,1.301971494350455e-4,0.3009883763634286,FALSE,-0.8173947121578766,-98.95145862831268
4011-3,24,23,23,1,1,FALSE,PET,-0.7578796245518011,0.8252543512126067,0.41581778216256937,0.29776407581004366,0.37346784434332964,0.23608510748812636,0.15860386387285527,0.17106826340410108,FALSE,0.3844117802084715,102.93035559309922
4011-4,22,22,22,0,0,FALSE,PET,-0.1551783938963583,0.41342102834427563,0.7275527129544437,0.2471645969520078,0.49407822192081957,0.16662108404937281,0.014729755797330437,0.02118708179385889,FALSE,-0.3388998280244613,-68.59234286970313
4011-5,13,13,13,0,0,FALSE,PEESE,2.096935035266726,0.3839930543489142,0.016239338043427122,0.008331693931263815,0.2913074734082737,0.39145978926622493,0.47842177693967203,1.1194074708833404,FALSE,1.8056275618584525,619.8356467593355
4011-6,42,42,42,0,0,FALSE,PET,1.101966054861397,0.7145524874382696,0.1638816805367623,0.9358884224812061,1.156214600015608,0.2402436833616222,9.498004128874636e-5,1.1072709357941792,FALSE,-0.05424854515421096,-4.69190971585021
4011-7,33,33,33,0,0,FALSE,PET,0.4947147621576691,0.30892440303604723,0.14843200124308334,0.4816471047519737,0.760309931219889,0.11308061355627139,3.595099416711868e-5,6.864637960865199e-8,FALSE,-0.2655951690622199,-34.93248715508455
4011-8,21,21,21,0,0,FALSE,PET,-0.22773261071674794,0.3663194869464981,0.568817500088487,0.07344118786982813,0.6275524632944998,0.1526698206170186,0.002225856924682102,0.16976921870574901,FALSE,-0.3998198525777518,-63.71098449343877
4030-5,5,5,5,0,0,FALSE,PET,0.002089448866063843,0.043766966164588535,0.968993523660906,0.6089304287602391,0.025944668501935955,0.008902851896296835,0.15093835851665632,3.3007852370645336e-5,FALSE,-0.023855219635872112,-91.94651931703066
4031-1,525,450,450,75,75,FALSE,PEESE,0.27137753539950477,0.14199800264501916,0.06270881202572268,4.905825110744729e-6,-0.27967204630399395,0.0927768029860478,0.0032493550020289692,0.46967189369929774,FALSE,-0.008294510904489183,-2.9657990543228383
4031-2,428,372,372,56,56,FALSE,PEESE,-0.4408650522188165,0.1077711194802061,1.5528385868431716e-4,7.290783361915695e-6,-0.7831838223516234,0.08709237001118465,2.8245140278435944e-13,0.26872887469557516,FALSE,-0.3423187701328069,-43.70861097525547
4031-3,142,106,106,36,36,FALSE,PET,-0.3239303480559259,0.4173540137530239,0.44641177946278043,0.022842467586167727,-1.2358433225110588,0.15425338496091456,1.2046317167607857e-10,0.4531557317371074,FALSE,-0.9119129744551329,-73.7887204506033
4044-1,14,14,14,0,0,FALSE,PET,-0.5153646734968419,1.0453711442937634,0.6417389560465698,0.48606894248333327,-1.2759586163580794,0.23959957925329156,2.4395879775134972e-4,1.0758383121705274e-6,FALSE,-0.7605939428612375,-59.60960905081484
4052-1,24,24,24,0,0,FALSE,PEESE,0.35421478970188186,0.08920945813753613,0.0073772116831808026,0.6563537518990348,0.3221624140979575,0.10863607310478487,0.025323497037151838,0.07495424761951597,FALSE,0.03205237560392438,9.949135653726028
4052-2,52,52,52,0,0,FALSE,PEESE,1.5726799556886724,0.2059596209947226,6.500836317226617e-5,0.676798110458267,1.516099752798622,0.1816902744603301,1.805294490032855e-5,0.24404894707005095,FALSE,0.05658020289005039,3.7319577940440265
4064-1,98,98,98,98,0,TRUE,PET,383.05682210083734,377.39243436703913,0.33010319459330806,0.42818921517938935,309.7383372621686,310.33162570592896,0.3214876222465084,142.1844121214223,FALSE,73.31848483866872,23.671104289751035
4064-2,58,58,58,0,0,FALSE,PEESE,0.3977254094280061,0.22238797543984976,0.09068087279071259,5.510150864634558e-4,-0.4881224946835907,0.16099970806325573,0.004292586760464691,0.10795929660857949,FALSE,-0.0903970852555846,-18.519344271191912
4099-1,225,198,198,27,27,FALSE,PET,-0.41465832712326617,0.3687974956048036,0.32382572264246623,0.25388510275102366,0.2222161735128104,0.13906560339482704,0.15979606350158224,0.094401796502901425,FALSE,0.19244215361045577,86.60132634286487
4152-1,53,53,53,0,0,FALSE,PEESE,0.5487086766569979,0.11391701003699188,5.420770276937652e-5,0.12841856717424097,0.6583037981639924,0.11088470834865542,5.476890842967808e-7,0.3616763418473919,FALSE,-0.10959512150699458,-16.64810712206964
4248-1,120,114,114,6,6,FALSE,PET,0.003615096485529209,0.31705604539762117,0.9910265674046325,0.6879745970060226,-0.1378930745895499,0.13426725302308062,0.3102652221433849,0.5184235316803908,FALSE,-0.1342779781040207,-97.37833354119499
43-1,290,284,284,6,6,FALSE,PET,0.12064375708589656,0.15032223595931582,0.4314515012948774,0.07057892493629048,-0.2179620970296815,0.07960631578235529,0.00931386536723538,0.16664075803117798,FALSE,-0.09731833994378494,-44.64920335691778
439-1,12,12,12,0,0,FALSE,PET,0.029189699407937236,0.0477543512772107,0.5953341331038403,0.17833823665105114,0.11119447603144543,0.02338304824169769,0.029525945108333833,4.250052707712999e-10,FALSE,-0.08200477662350819,-73.74896627087618
439-2,7,7,7,0,0,FALSE,PET,0.011226963167244846,0.0866477889545021,0.9073499874055637,0.564573921663458,0.1298379357844569,0.08130971550622512,0.2065258133396176,5.070810263670413e-10,FALSE,-0.11861097261721205,-91.35309484133924
439-3,6,6,6,0,0,FALSE,PET,0.014977571340357173,0.015974936175869193,0.4508408036027113,0.8785107622828333,0.01806250263067486,0.0066421578133708074,0.13874384019325417,5.144431366323757e-5,FALSE,-0.0030849312903176874,-17.07920188799677
439-4,7,7,7,0,0,FALSE,PET,0.005665481217803277,0.005270185910751748,0.3724272225320455,0.026778445612141773,0.03568612100743201,0.014359518068405871,0.08783212079046118,7.452072741066696e-4,FALSE,-0.030020639789628732,-84.12413269398661
460-1,11,11,11,0,0,FALSE,PET,0.03593126105959957,0.04708743946646883,0.47707846915894203,0.2106133361952116,0.09857256872239645,0.0326728564818307,0.017306683910752733,0.0033629484337389798,FALSE,-0.06264130766279688,-63.54841765279502
460-2,6,6,6,0,0,FALSE,PET,-0.01888099992923671,0.006325496726943078,0.12703060626023893,0.00877761997249176,0.15585523021615377,0.07731515147838942,0.11508658887928327,0.010552677879524965,FALSE,-0.13697423028691708,-87.88555257141459
460-3,7,7,7,0,0,FALSE,PET,2.8165821021854283e-4,0.007516507088887247,0.9736674911174459,0.47764342667124915,0.005130363222981179,0.0043952010825917065,0.40273902305501297,7.891995193777397e-6,FALSE,-0.0048487050127626365,-94.50997525951242
460-4,11,11,11,0,0,FALSE,PET,0.002707868239218668,0.029536554753360242,0.9300138088876975,0.10033863817654111,0.11668446023539904,0.04198569644446496,0.022121787130971262,0.007679484181335102,FALSE,-0.11397659199618038,-97.67932402159137
460-5,6,6,6,0,0,FALSE,PET,0.025392710314095897,0.038079296657600376,0.5592526544449428,0.2495401296452034,0.13085477725536357,0.06114058318619223,0.09900140588331167,0.008310576144537729,FALSE,-0.10546206694126767,-80.59473956801597
460-6,11,11,11,0,0,FALSE,PET,0.04226723949452588,0.021429291940621247,0.10827296382993659,0.12888610959670194,0.0796363614578131,0.023021238946716552,0.010014288287668453,0.003618970818710251,FALSE,-0.03736912196328722,-46.924697812924684
463-2,24,24,24,0,0,FALSE,PET,-0.21523133567853045,0.23709445508118143,0.3865562403494537,0.03980368835026346,-0.6397027108902947,0.14650224281411872,8.948771669553253e-4,0.14239936142642193,FALSE,-0.42447137521176426,-66.35447497494795
494-1,10,10,10,0,0,FALSE,PET,-0.010192957873889515,0.02376294413840816,0.6871241017914813,0.04254782138589659,0.11058831775104777,0.05127713825177589,0.06458597313318819,0.020990797948134448,FALSE,-0.10039535987715825,-90.78297049708675
496-1,6,6,6,0,0,FALSE,PET,0.08151710090390368,0.10415757705895305,0.519596456083995,0.7397578664477846,0.04641039414295181,0.0756367234528812,0.5845159661740379,0.018299411050986047,FALSE,0.03510670676095187,75.64406079555653
496-2,8,8,8,0,0,FALSE,PET,0.09674824404036253,0.41310227320863874,0.8496026749297523,0.7081817118944294,0.24360602494899042,0.17651503104298893,0.24432787746073217,0.10848875613016562,FALSE,-0.1468577809086279,-60.284954339441725
500-1,6,6,6,0,0,FALSE,PET,0.09701085227229661,0.09244215558823625,0.3712756092844087,0.546437783624705,0.07511673842300416,0.07064949697946513,0.3476957298488593,0.010214191902276131,FALSE,0.02189411384929245,29.146784470327155
500-2,6,6,6,0,0,FALSE,PET,0.16721410805172665,0.06984574880588554,0.1077758520244517,0.4401893457056998,0.1364594544374587,0.06165836388981841,0.09316023868454634,0.00746997748990279,FALSE,0.030754653614267963,22.53757626472357
500-3,7,7,7,0,0,FALSE,PET,0.03169139672736169,0.03175176971858308,0.40610268037063924,0.7769965638322174,0.027095838573939574,0.02084315355404055,0.25328034092907403,9.031707470438431e-4,FALSE,0.004595558153422115,16.96038356916572
500-4,7,7,7,0,0,FALSE,PET,0.07236065624480897,0.031087458248157986,0.13074012239065608,0.22216175793236878,0.04367054008276886,0.023759461178952945,0.1275079497843775,0.001229518827532063,FALSE,0.028690116162040112,65.6967285214785
500-5,5,5,5,0,0,FALSE,PEESE,-0.05757070115511895,0.03674554355089167,0.23058140071695032,0.09004768537523919,0.06435799418068622,0.0920767077494125,0.5257459426740115,0.01927872873099422,FALSE,-0.00678729302556727,-10.546153763760605
533-10,56,54,54,2,2,FALSE,PET,-1.4343811132802353,0.978938211439234,0.26108273711552227,0.21008114921085366,0.188806499461151,0.10526968185309477,0.14485882721878435,9.324081899041496e-8,FALSE,1.2455746138190844,659.709606064369
533-11,72,72,72,0,0,FALSE,PEESE,0.40345782662973373,0.09823928987085839,0.004369662810260974,0.023155856475313957,-0.6055779941501832,0.2950271663089402,0.07143389920891456,0.637176092913768,FALSE,-0.20212016752044948,-33.37640559480497
533-15,53,51,51,2,2,FALSE,PEESE,2.516322698746724,0.8265442527739902,0.030801588081752367,0.011797832033603161,-0.9850647462677532,0.2805696000944741,0.01818860520022737,0.2522495003427201,FALSE,1.531257952478971,155.44744223977693
533-3,157,154,154,3,3,FALSE,PET,-0.27088618567084577,0.3926847067569449,0.5345370561048276,0.8138136303778658,-0.17281931026073796,0.11135668393524908,0.14346330646557162,0.12244354597255601,FALSE,0.0980668754101078,56.745322766391794
533-4,23,23,23,0,0,FALSE,PET,0.02558445929325394,0.21215944481494012,0.9200474296747623,0.9097104428049674,0.024273772316865158,0.11994564813977257,0.854087960065888,0.01448940901216628,FALSE,0.0013106869763887807,5.39960150931353
533-5,33,31,31,2,2,FALSE,PEESE,-0.2398666282028211,0.17425616866529117,0.28576237828437817,0.01219308637934341,-1.2486335257823395,0.31998813867336134,0.012287021998258783,0.43196075740455864,FALSE,-1.0087668975795185,-80.78966940659943
533-6,59,59,59,0,0,FALSE,PET,0.4956169384836437,1.7636535296743432,0.791056382151218,0.6475123546158671,-0.29248607820144895,0.21155009103310102,0.2027830478239175,0.2979985952879515,FALSE,0.20313086028219474,69.44975348272438
533-9,295,282,282,13,13,FALSE,PEESE,0.45004557355348873,0.2718835291184962,0.12157638823132624,0.011735442133035614,-0.438378223836578,0.11717426267411259,0.0010356359284195594,0.22500276142961734,FALSE,0.011667349716910747,2.6614802201626215
535-1,668,668,668,0,0,FALSE,PEESE,0.11263708128673482,0.023500776708649994,4.6484394517988955e-6,0.5688879182286115,0.12050098146177325,0.02153471588828757,1.216042007927512e-7,0.05210746460294686,FALSE,-0.007863900175038435,-6.526005082815956
547-1,410,410,410,0,0,FALSE,PEESE,0.1360421939689423,0.024164109790839952,2.339243863751123e-7,0.5508437576427483,0.14400453560743853,0.022630731039857667,7.750128477550672e-9,0.03843685700765599,FALSE,-0.00796234163849624,-5.529229759958301
547-2,158,158,158,0,0,FALSE,PET,0.037281929991267664,0.10666673069421699,0.7302779565149324,0.75820174632497,0.06748042748159443,0.060495634409420934,0.27217115458175845,0.06976020123031235,FALSE,-0.030198497490326763,-44.751491087639494
547-3,101,99,99,2,2,FALSE,PEESE,0.2537608215284128,0.1082091490886365,0.026701314433778534,0.8054696231447194,0.2422181212068543,0.10923564257937808,0.034342189030402884,0.27114165942623447,FALSE,0.011542700321558491,4.765415677426143
547-4,48,48,48,0,0,FALSE,PET,-0.5546345738883182,0.541639656217833,0.35432785618048834,0.30533002562256395,0.04735313244088016,0.11345927573257326,0.6823215681226954,0.12962616002701194,FALSE,0.507281441447438,1071.2732512062914
547-5,148,148,148,0,0,FALSE,PET,0.04175287627207088,0.051113830407838755,0.4274042269166939,0.39422805565524766,-6.836893762585118e-4,0.02679472645403819,0.9797860836502003,0.01783179281881519,FALSE,0.04106918689581237,6006.995036337024
547-6,109,109,109,0,0,FALSE,PET,0.023660677801977552,0.03745624727745304,0.5418325816291809,0.48124319475807,0.0017149508470950263,0.02045320427629655,0.933877487268953,0.0056456360868551375,FALSE,0.021945726954882526,1279.670900892386
547-7,680,680,680,0,0,FALSE,PET,0.04475376450621467,0.03216334861498192,0.1720816841392758,0.11932842945383518,0.09451299352697239,0.015676557772980253,5.0410512171770484e-8,0.01373490030822567,FALSE,-0.04975922902075772,-52.64802982518725
547-8,188,188,188,0,0,FALSE,PEESE,-0.185746132416839,0.04445128927111197,1.4256212927987562e-4,0.876950996668205,-0.18323646411512026,0.036784396035890315,5.272252174028371e-6,0.07385600115520417,FALSE,0.002509668301718726,1.369633666442068
566-1,125,125,125,0,0,FALSE,PEESE,0.25423035165418806,0.0930001476465961,0.011094207919870501,0.2992068685683988,0.24050804269499176,0.09029183019056841,0.01290592679661214,0.14823564104830084,FALSE,0.013722308959196294,5.705550968455011
566-10,117,116,116,1,1,FALSE,PET,0.0458643927588118,0.08372415653982207,0.5889485631806068,0.37385178502235666,-0.0416117845777629,0.075910574254602875,0.5878545994179897,0.13081669873799043,FALSE,0.004252608181048903,10.219720745457941
566-12,99,98,98,1,1,FALSE,PET,0.10832311534404833,0.0879753558505409,0.2395023039598733,0.3170733285788364,0.17689526497300156,0.05824318643473513,0.006746234500485695,0.037625640760966125,FALSE,-0.06857214962895324,-38.76426519354205
566-13,136,136,136,0,0,FALSE,PEESE,0.0815732738831946,0.016763581408836256,4.607530514627024e-5,0.2137173164568579,0.08797215817434768,0.016229003611766053,1.0239653207667499e-5,0.00524936687349515,FALSE,-0.006398884291153081,-7.273760726059998
566-2,144,138,138,6,6,FALSE,PET,0.22692895098209134,0.1540273876314399,0.15524314144535653,0.9825537587176822,0.2239114531008966,0.12274588671153687,0.07821151433758948,0.35856515087846,FALSE,0.003017497881194736,1.3476299847132085
566-4,79,79,79,0,0,FALSE,PET,-0.28917837517934325,0.24556354710789716,0.2645106885387541,0.4148019397884263,-0.11857444985619199,0.10896014831127178,0.29317326909202684,0.120094540304583,FALSE,0.17060392532315127,143.879162441876
566-5,35,35,35,0,0,FALSE,PET,-0.09239819455860263,0.09132469785695538,0.406955819795652,0.06421847373484615,0.12841257175336346,0.06321861662759534,0.14401503022495218,1.5486015567231662e-8,FALSE,-0.03601437719476083,-28.045834378219688
566-6,124,123,123,1,1,FALSE,PET,-0.09544370305896746,0.07777377555614862,0.2324753609143445,0.0993874231371095,-0.22531370156036734,0.08416195886936685,0.01241382362654867,0.15563370137232746,FALSE,-0.12986999850139988,-57.639636472176264
566-7,16,16,16,0,0,FALSE,PET,-0.21524912113972403,0.14382687193093352,0.20391354578429105,0.12904568188809787,0.11323580049869021,0.16319762455210693,0.5186896775238746,0.15195908257746218,FALSE,0.10201332064103381,90.08928288736193
566-8,76,76,76,0,0,FALSE,PET,0.17895548830782876,0.12949130721471788,0.1965752091457803,0.42674686362084924,0.27922867908741067,0.10352208954833658,0.015126218675125843,0.14204035749887337,FALSE,-0.10027319077958191,-35.91077789978445
566-9,111,111,111,0,0,FALSE,PET,0.18085821660942328,0.10477837365088732,0.10706857883196427,0.8260513095058223,0.1574513870111604,0.07985932786135384,0.06472760089666814,0.052443653274907444,FALSE,0.023406829598262874,14.866067579705577
581-1,98,98,98,0,0,FALSE,PET,0.002596824940857423,0.0017857097223790133,0.19661307150766574,0.018923943081454363,0.006419780350713308,0.0014559343385246702,0.003060400069856011,1.4501839069043022e-5,FALSE,-0.003822955409855885,-59.54962944224584
581-2,59,59,59,0,0,FALSE,PEESE,0.005535255382624202,0.002059984183373339,0.04577355484176334,0.9271607412617859,0.005463179958623745,0.0017313358067949963,0.02154808298754629,1.692902743971026e-5,FALSE,7.207542400045671e-5,1.3192943404085404
608-1,7,7,7,0,0,FALSE,PEESE,-0.3464075110605264,0.23043140786663693,0.20022479622248532,0.10946795334296154,-0.22235556020193925,0.23410748628468647,0.3858362974129902,0.30962656393532834,FALSE,0.12405195085858717,55.78990277820148
608-2,17,17,17,0,0,FALSE,PEESE,-0.5442810507779191,0.1340134476176513,0.0012490530371741934,0.6596538769392952,-0.513759983417338,0.1185094587839799,6.160319572484506e-4,0.20478406627072315,FALSE,0.030521067360581133,5.940724919361466
608-3,11,11,11,0,0,FALSE,PEESE,0.7848095018324086,0.09972219453545926,5.179703897639069e-4,0.07110213632550229,0.6980445611836742,0.10545628102285669,3.195523051845693e-4,0.08180006587838255,FALSE,0.08676494064873441,12.429713727961307
62-1,27,27,27,0,0,FALSE,PEESE,-0.5257839311984291,0.39181029213817437,0.21411830637940277,0.002273772589346576,1.100084776694508,0.44373905774770434,0.02773195350152477,2.492578012859207,FALSE,-0.574300845496079,-52.205144336395215
62-2,26,25,25,1,1,FALSE,PEESE,-0.8537013772048742,0.31832005400093216,0.046370127487723144,0.0900822421781146,-0.2924689442046143,0.2237484763794326,0.2162917973096415,0.4296193460603889,FALSE,0.5612324330002598,191.8947102320771
623-1,12,12,12,0,0,FALSE,PEESE,1.1025275181827219,0.24213784211397588,0.01762946220976808,0.53677692568449,1.1089066405958272,0.23656960292396648,0.014528154719504723,0.04615039535694371,FALSE,-0.0063791224131053426,-0.5752623511820412
623-2,6,5,5,1,1,FALSE,PEESE,1.4063779114784156,0.14973592737292246,0.03183041755180661,0.7161714605612601,1.3929974474825626,0.14764910349407961,0.020453384778883574,0.012245024521532533,FALSE,0.01338046399585302,0.9605519392755754
624-1,123,123,123,0,0,FALSE,PEESE,0.09540719027356975,0.025157882337511792,7.903931788401195e-4,0.6882675901377504,0.09379548219267052,0.024708889264434278,7.775349200551732e-4,0.01489380308191354,FALSE,0.0016117080808992351,1.718321653902835
624-2,155,155,155,0,0,FALSE,PET,0.01785549951697982,0.06858156530112176,0.7963744459413523,0.05940302243039506,-0.08069920772768413,0.06175593614667769,0.19932523360719423,0.10168866332275292,FALSE,-0.06284370821070431,-77.87400890324425
624-3,182,182,182,0,0,FALSE,PET,-0.05691363858667092,0.0807068294646526,0.48500207635345394,0.051661064001485346,-0.15825871056785432,0.06138389270599876,0.012932163987419908,0.16523327375847863,FALSE,-0.1013450719811834,-64.03759490870559
625-1,27,27,27,0,0,FALSE,PET,0.0029051119273010447,0.007377807109494644,0.7033486535790489,0.09869405147782818,0.015107275306028435,0.005658082352399018,0.021601293822347288,3.231003191117418e-4,FALSE,-0.01220216337872739,-80.77011328348678
625-2,73,73,73,0,0,FALSE,PEESE,0.012964148619567592,0.0025404055278814464,5.493658032632457e-5,0.7057675231299492,0.013605245434578667,0.002653549370579116,2.776876687554015e-5,1.2155740493221934e-4,FALSE,-6.41096815011075e-4,-4.712129730358876
625-3,14,14,14,0,0,FALSE,PET,0.003862292027707416,0.004272906351987356,0.4237498367242966,0.7468783281586258,0.005781625793841495,0.004905097929877737,0.3001381991986565,6.138684218763361e-5,FALSE,-0.0019193337661340786,-33.19712887988229
63-1,5,5,5,0,0,FALSE,PET,0.11846891841815888,0.29812848599998243,0.727634437298081,0.910660353465826,0.07516578007298394,0.10443569579858267,0.5227455429121484,0.014611587341371147,FALSE,0.043303138345174935,57.61017620402364
63-10,6,6,6,0,0,FALSE,PET,-0.03637691817214152,0.0775355337089652,0.6816106889877673,0.4572695078348299,0.030500016817664923,0.033663035215001864,0.44233111959985466,4.709825723437469e-10,FALSE,0.005876901354476594,19.268518406431912
63-11,6,6,6,0,0,FALSE,PET,0.140371181255462,0.15748728437587445,0.4452052142308428,0.6673778819798148,0.08331480594755337,0.07754038122226496,0.3470588595926939,0.005469713183437047,FALSE,0.05705637530790862,68.48287607346235
63-12,8,8,8,0,0,FALSE,PET,0.08864808587945498,0.08013082339417985,0.36656453560056573,0.8987286369265216,0.07587917308313115,0.03721959321191525,0.11297527956927364,0.0018154883844735436,FALSE,0.012768912796323834,16.82795459873365
63-13,11,11,11,0,0,FALSE,PET,0.048433342640936516,0.03949283538184719,0.2956993383070858,0.24327578449469736,0.001328987368086739,0.015558467041896427,0.9356823650123934,9.969170395466299e-5,FALSE,0.04710435527284978,3544.3794579223886
63-14,5,5,5,0,0,FALSE,PET,-0.066954264820281,0.14894883136378728,0.6925779629728421,0.5802224573953632,-0.01775983162924854,0.07789200607969629,0.8396872131251045,8.299989703972158e-4,FALSE,0.049194433191032456,276.99830841872677
63-15,8,8,8,0,0,FALSE,PET,0.07820946001977877,0.0813860432242793,0.40149658816166317,0.5239403405125386,0.014147987213418277,0.028275885456661258,0.6464942680232579,8.721250946548336e-11,FALSE,0.06406147280636049,452.79566513604925
63-17,10,10,10,0,0,FALSE,PET,0.0261902661743865,0.11300146248226356,0.8322602274344789,0.6613866078980908,-0.02163339994152285,0.039594074660255815,0.6120707468487263,5.555066980090162e-10,FALSE,0.004556866232863648,21.064031752666217
63-18,11,11,11,0,0,FALSE,PET,0.09351989814046835,0.08012026496258254,0.2906639121437084,0.06784587360185036,-0.0269938992932209,0.03904873202890257,0.5118517127610498,0.0012079745659342382,FALSE,0.06652599884724744,246.44827382887368
63-19,7,7,7,0,0,FALSE,PEESE,0.21207043726862143,0.06268489173889781,0.099449747502971,0.06473544164664738,0.11618762889501405,0.06607365903386765,0.18202550300638884,5.095504262419229e-10,FALSE,0.09588280837360738,82.5241114613382
63-2,6,6,6,0,0,FALSE,PET,0.06782632740168443,0.2584602598020518,0.8079943975768207,0.948443368795125,0.044210774358329104,0.0900113626968938,0.6488413262765209,0.016224263940923928,FALSE,0.023615553043355324,53.41583219500037
63-20,9,9,9,0,0,FALSE,PET,0.2641869232912618,0.2163240823467648,0.3407526019406632,0.43200264014864637,0.07137897783512001,0.07305640326787989,0.37119031652725204,1.6016484625790536e-10,FALSE,0.1928079454561418,270.1186698155211
63-22,5,5,5,0,0,FALSE,PET,-0.0015077784615280046,0.125024867832242,0.9914698691384807,0.4921002218897189,-0.09169167125288398,0.036627558616571465,0.08049667876433272,3.2154269340304094e-10,FALSE,-0.09018389279135597,-98.35559932442547
63-23,7,7,7,0,0,FALSE,PEESE,-0.10543742803504162,0.04796453686673164,0.08773287000893082,0.06922299465865357,-0.057591970544276186,0.046236143211632594,0.26820949543459116,0.004939398654327002,FALSE,0.047845457490765436,83.07661126820149
63-24,10,10,10,0,0,FALSE,PET,-0.030397999933651207,0.05602334083159553,0.6088055526783622,0.9934502974943947,-0.029724080757768848,0.029577502726141642,0.34775214899210294,0.0028312560377148142,FALSE,6.739191758823593e-4,2.2672498482773773
63-26,7,7,7,0,0,FALSE,PET,0.09350952303494182,0.08181966912713542,0.3676995873360166,0.3865164196470569,-0.010943706490081605,0.03387455785280674,0.7586020803258451,0.0026059180967323856,FALSE,0.08256581654486023,754.4593472028009
63-3,5,5,5,0,0,FALSE,PEESE,0.11028341000536519,0.01693384811931758,0.06868484975964229,0.5371971386383532,0.11296580800123643,0.013640581855621357,0.04397409167085605,1.0561879183125415e-10,FALSE,-0.0026823979958712357,-2.374522028684889
63-4,8,8,8,0,0,FALSE,PET,0.19671589053541677,0.07694159070961451,0.14235931061304835,0.027261113190807536,-0.2763967542753955,0.13546475604729846,0.10115920197930414,0.022734493810188296,FALSE,-0.07968086373997874,-28.828436842129673
63-5,9,9,9,0,0,FALSE,PET,0.22819511634217415,0.34087405588690894,0.5300930183550943,0.5038864016584594,0.03556115911940266,0.2109341964055102,0.8708743473631002,0.14368305978433873,FALSE,0.1926339572227715,541.6976330157577
63-6,5,5,5,0,0,FALSE,PEESE,0.489821617192725,0.21941269625503096,0.1323371296796077,0.0459386610749288,-0.32537412995078996,0.3554233624003116,0.4132590046691085,0.2590762021225073,FALSE,0.16444748724193503,50.54104555479143
63-7,5,5,5,0,0,FALSE,PET,0.3800234159988889,0.2855573265576563,0.3132686749892003,0.8628733979707275,0.44679267012133744,0.07224110111904707,0.026125406011516448,4.784300593801826e-9,FALSE,-0.06676925412244855,-14.94412477812488
63-8,9,9,9,0,0,FALSE,PET,0.14521587904625968,0.07718821107100991,0.13425064010646223,0.4015853585548427,0.08221565460554496,0.04305193766696472,0.10308920527143951,0.001626131231371678,FALSE,0.06300022444071472,76.62801536152426
63-9,11,11,11,0,0,FALSE,PET,0.12759819030148878,0.09805441846619543,0.27901980208683236,0.39490637918455684,0.042351856077083215,0.05623681669157094,0.4716319482450332,0.010102957948242184,FALSE,0.08524633422440556,201.2812238246454
651-1,122,122,122,0,0,FALSE,PEESE,-0.13920418834088974,0.021268553767857242,1.1432039863597216e-7,0.06728125130096328,-0.16701818643427196,0.018492739722498902,1.2141390148025214e-14,0.010940872506084817,FALSE,-0.027813998093382225,-16.653275123621402
715-1,14,14,14,0,0,FALSE,PET,-0.03593712152019563,0.05661371683164611,0.5440888328941496,0.14452567326710455,0.18757954010418126,0.0940973569956205,0.0734131411936983,2.0352908175238993e-7,FALSE,-0.15164241858398564,-80.84166242211904
715-2,6,6,6,0,0,FALSE,PET,0.048255845605576386,0.012318054984452575,0.10235026685905958,0.03127126175186784,0.09566533138650793,0.027621502879587773,0.07108383063067515,4.605772081717277e-4,FALSE,-0.04740948578093154,-49.557645485371616
715-3,16,16,16,0,0,FALSE,PET,0.05880631173061393,0.019053518282632822,0.1025526857937632,0.2682439763632985,0.07974457971006406,0.00552960889819549,0.013026633776921485,4.8364757327334125e-12,FALSE,-0.02093826797945013,-26.256666039971165
753-1,77,61,61,16,16,FALSE,PEESE,-0.07777503690262275,0.1545305545715952,0.671557304399905,0.041448105678822025,-1.0439369986183389,0.3636764699620603,0.050658814932736,0.39973989812580296,FALSE,-0.9661619617157161,-92.54983423275938
753-13,35,34,34,1,1,FALSE,PET,-5.219366857254562,2.2557346106710794,0.24120263484038149,0.2690441608086148,0.13310710346507834,0.15120710701033502,0.5073272596118465,0.0093893167600828,FALSE,5.086259753789484,3821.1783003180612
753-14,35,35,35,0,0,FALSE,PET,-1.4615503374897387,0.5266066048599707,0.12525372182092828,0.1245751546694301,0.24679029200311592,0.348116521674451,0.5347653319937754,0.35282573736741135,FALSE,1.2147600454866228,492.2235942211558
753-2,104,88,88,16,16,FALSE,PET,1.072471625455448,1.286508928236436,0.48917154560374687,0.3543819319179986,-0.422678171452247,0.11567047124063691,0.07882314815243324,0.002148828108228814,FALSE,0.6497934540032011,153.73243708579187
753-7,18,18,18,0,0,FALSE,PEESE,0.13653690920372638,0.16363676775504035,0.5295760058235162,0.0686457573976961,-1.6616261701963722,0.7336342297374815,0.08920467221118125,2.1469141332873423,FALSE,-1.5250892609926459,-91.78293459427218
755-1,31,31,31,0,0,FALSE,PET,-0.08602370417752406,0.15928831006405733,0.605784282765272,0.34737271491653166,-0.258738309967259,0.11401258818267145,0.044591762087520984,0.07536769879323262,FALSE,-0.17271460578973494,-66.75262191037362
813-1,59,59,59,0,0,FALSE,PEESE,0.46158439839571147,0.12571791532512894,0.004467777349555137,0.5785738640284019,0.42737248138945205,0.11729398694653874,0.0023179154163165865,0.09033453633384678,FALSE,0.03421191700625942,8.005175460766997
813-2,8,7,7,1,1,FALSE,PET,-0.8840380026059755,1.8438730137216275,0.6836219774198488,0.2621922271163888,1.2958205622125347,0.5800985672512947,0.09732081132031677,1.1543701116270633,FALSE,-0.4117825596065592,-31.777745439034053
813-3,41,41,41,0,0,FALSE,PET,0.24947291272003824,0.419889980413835,0.5739382841778043,0.22077137149769302,-0.3407033261151545,0.14802901109075686,0.03588787131212739,0.24825449065770203,FALSE,-0.09123041339511628,-26.777083286906702
816-1,54,53,53,1,1,FALSE,PEESE,0.46620311239655704,0.08673080733245134,7.337109361047568e-5,0.6957214273179336,0.48009821450955675,0.08388051119368929,3.354512323174894e-5,0.07002218218598112,FALSE,-0.013895102112999713,-2.894220743393979
816-2,9,9,9,0,0,FALSE,PET,0.09385747780204082,0.09567925609580513,0.43561865806887334,0.05603904446332501,0.2786847406352661,0.07417468366954826,0.020093376174939226,0.020113748726397675,FALSE,-0.1848272628332253,-66.32127127301936
83-1,7,7,7,0,0,FALSE,PEESE,0.7924087824094933,0.3208842949174598,0.21545311424166697,0.19606286106053805,0.293412341204164,0.2996567261897637,0.3912617129751665,0.24883777222655024,FALSE,0.4989964412053293,170.06661654293353
83-2,10,10,10,0,0,FALSE,PET,0.013891253211444651,0.02629816907096822,0.6410995925034603,0.12371980926593402,0.06258271189758796,0.01893902497114069,0.07987176280198054,8.535676977301184e-5,FALSE,-0.04869145868614331,-77.80336966832522
847-1,7,7,7,0,0,FALSE,PET,0.7462811272398225,0.39768325759031736,0.1574891594903427,0.436075693220465,0.5009003610398223,0.18665896300847395,0.04789995140821722,0.10658666897114803,FALSE,0.24538076620000027,48.98793957557003
847-2,8,8,8,0,0,FALSE,PET,-0.9712390972597068,0.7369498617740515,0.26824445579629763,0.3321559191008435,0.30166538917595287,0.37128845502767294,0.4433358773422418,0.5381119647255058,FALSE,0.6695737080837539,221.95907522331325
849-1,31,31,31,0,0,FALSE,PEESE,0.46700890136156104,0.13139618993629215,0.004079248504364629,0.5874563798205716,0.5156904990057751,0.10539002940025101,1.7248560796418117e-4,0.10959522264043449,FALSE,-0.04868159764421409,-9.440080385050669
849-2,33,33,33,0,0,FALSE,PET,-0.004824812770831751,0.1252656740882313,0.97006587970288,0.4629100491484529,0.08291277374426263,0.07339925049482525,0.27513487695334987,0.06583239611218678,FALSE,-0.07808796097343088,-94.18085711893625
849-3,15,15,15,0,0,FALSE,PEESE,0.37155800078317297,0.12819487684327385,0.028297879348571475,0.30828562725444747,0.2449010016245503,0.1274782111858706,0.09429257340415008,0.11357550447111651,FALSE,0.12665699915862266,51.71763215276528
850-2,7,7,7,0,0,FALSE,PET,0.013515913436127576,0.060621894444657445,0.848941907690232,0.19627721003030146,0.07348204487845356,0.04628673832993923,0.2252799065674234,1.8497129535196803e-10,FALSE,-0.05996613144232598,-81.60650883017176
855-1,42,36,36,6,6,FALSE,PET,-1.180859946775731,0.6841711202654338,0.19605348580711376,0.12231644338815092,0.12536859150345442,0.1439127243448784,0.4185678928144437,3.55810337694637e-7,FALSE,1.0554913552722767,841.9105157157273
855-2,79,76,76,3,3,FALSE,PEESE,-0.10054538183282931,0.31951027037315904,0.7567740279596495,0.0031993596655431676,2.1294808139550736,0.339187608709103,5.998479654861601e-7,2.814369558468325,FALSE,-2.0289354321222444,-95.27840865369964
855-3,47,42,42,5,5,FALSE,PEESE,-1.0929010764075886,0.6066640317719513,0.10680216146228885,4.014030431061127e-4,1.6966127167753289,0.30105815030797567,4.65849567999264e-5,0.8071907346178947,FALSE,-0.6037116403677403,-35.583349953617365
855-4,66,45,45,21,21,FALSE,PEESE,-0.3477308579243965,0.3181377144447776,0.2977996287570626,0.026186173625505217,1.426108341722395,0.38348750243643026,0.0016427298161685875,1.4448254524749586,FALSE,-1.0783774837979985,-75.61679938675476
871-1,12,12,12,0,0,FALSE,PET,8.788730373836123e-4,0.13599382923422665,0.9950507320608246,0.03803443489877255,0.3263604089860248,0.1273248708519047,0.03162220979727232,0.06244375040876555,FALSE,-0.3254815359486412,-99.73070476283743
871-2,5,5,5,0,0,FALSE,PEESE,0.1173769362750723,0.014960419641668754,0.028849047858265756,0.5099265278928549,0.11994008086516598,0.015205823510161531,0.027492385281170612,8.911427962055477e-11,FALSE,-0.0025631445900936856,-2.137020895437878
871-3,6,6,6,0,0,FALSE,PET,0.004942765458984061,0.02815359228759178,0.8761024768567657,0.10578383850426501,0.07556790367474692,0.02034780395365916,0.12015456459119289,1.3340549168249532e-10,FALSE,-0.07062513821576286,-93.45917351332345
877-1,124,117,117,7,7,FALSE,PEESE,-0.27941329916313334,0.2219603516558657,0.23207677105139227,0.0022170056737421547,0.9075955623706241,0.16222727793481426,7.96003674889127e-6,0.4900489620626023,FALSE,-0.6281822632074907,-69.21389760508407
877-2,117,109,109,8,8,FALSE,PEESE,-0.48420859252056986,0.22397929650512988,0.04557975853309522,3.5413505959511065e-5,1.1479081299820133,0.22319087068027346,2.9090699359995223e-5,0.8924421410755874,FALSE,-0.6636995374614434,-57.81817552523501
908-1,13,13,13,0,0,FALSE,PET,0.01160355778526017,0.01680455809669077,0.535771945721169,0.4022779889525948,0.021218447369164357,0.014526466868131412,0.22331262332614826,4.787611553522775e-4,FALSE,-0.009614889583904187,-45.31382252726463
91-1,269,255,255,14,14,FALSE,PEESE,0.5896376679729798,0.11346613250028936,1.1776753614419674e-5,0.6692989051348397,0.5873268526454384,0.11272479291058016,1.1309558906440692e-5,0.3339194462919026,FALSE,0.0023108153275414045,0.39344622455673994
91-10,614,586,586,28,28,FALSE,PET,0.07164286941118266,0.06916261126308207,0.3039126342148836,0.6830797481593294,0.05997927846924541,0.06654156432666258,0.3705236543334186,0.2628394064729814,FALSE,0.011663590941937245,19.44603409645515
91-11,544,465,465,79,79,FALSE,PEESE,-0.26745041389030183,0.048719792963344534,3.0223815479900707e-6,0.6903501812337725,-0.2689746560936972,0.04664274554485659,1.2711932136153225e-6,0.04036594087389496,FALSE,-0.001524242203395365,-0.5666861798549511
91-12,31,31,31,0,0,FALSE,PET,-0.16511229180983567,0.1047965451392552,0.19199961431183443,0.19807416414051274,-0.1868448597134868,0.11328001445419482,0.17496077746073943,0.0492232635946553,FALSE,-0.021732567903651134,-11.63134374527427
91-2,187,182,182,5,5,FALSE,PEESE,-0.24851718964082165,0.06798214941046411,0.0017873554097143506,0.07434482528459369,-0.3003521954256245,0.07831479081835271,0.0011722161611726501,0.07546029378100741,FALSE,-0.05183500578480288,-17.258074545234564
91-3,133,133,133,0,0,FALSE,PEESE,-0.09345988162118415,0.03830615788645418,0.03195554461537302,0.46773214811393166,-0.0894008638052858,0.038953342611685926,0.04137402451167904,0.012247708198613948,FALSE,0.004059017815898361,4.540244515689314
91-4,240,227,227,13,13,FALSE,PEESE,-0.265947851196105,0.07933637327669377,0.001923646621120475,0.17204940536600594,-0.26656011378768724,0.07943163960295596,0.0019043470779356085,0.19273762271068537,FALSE,-6.122625915822577e-4,-0.2296902499336114
91-5,183,183,183,0,0,FALSE,PEESE,0.045275620008524246,0.038667794179771044,0.25113337893062,0.6960548730741842,0.04313789917290668,0.03906489869294096,0.2785022487454948,0.036941641252472776,FALSE,0.002137720835617564,4.9555515604714175
91-6,705,698,698,7,7,FALSE,PEESE,-0.1392231597872536,0.03161106965948234,4.042006441272203e-5,0.3883721487731614,-0.13931087256388883,0.031766938923441665,4.320229881204753e-5,0.05066575486684306,FALSE,-8.771277663521815e-5,-0.06296190313142466
91-7,32,32,32,0,0,FALSE,PET,0.1793189431632155,0.265323078642776,0.5292477336198012,0.9871487960127037,0.17763165608033243,0.20712486765218846,0.4304321273929817,0.2411411410743689,FALSE,0.001687287082883071,0.9498797230826973
91-8,45,45,45,0,0,FALSE,PET,-0.07817854113226286,0.05670196668333667,0.23015900295575045,0.9813516788834196,-0.0793069537615554,0.038697338301711556,0.09957628771200548,0.0029752954432692544,FALSE,-0.001128412629292544,-1.4228419776218284
91-9,158,154,154,4,4,FALSE,PEESE,-0.5944330792166828,0.12708661574436164,5.524846777693973e-4,0.43692933511184845,-0.6180851861287515,0.12892855229120387,4.521190213695625e-4,0.18048811429420122,FALSE,-0.02365210691206876,-3.826674290676473
912-1,65,65,65,0,0,FALSE,PEESE,0.5534227832396532,0.11925156107650461,1.1990022326797659e-4,0.623207705904823,0.6004362065994014,0.0857292446675884,2.244560782237132e-7,0.09946009738354708,FALSE,-0.04701342335974823,-7.829878152420381
912-2,101,101,101,0,0,FALSE,PEESE,0.8624747365015394,0.09572804089005216,4.00993564656785e-10,0.3309843845922994,0.909476562521234,0.0765839721043853,2.2516970846111265e-14,0.12075577986743964,FALSE,-0.047001826019694604,-5.168008495941558
936-1,64,32,32,32,32,FALSE,PET,-0.011782895412932426,0.5918634387763695,0.9856109667863966,0.0017197844411416328,-2.7404396280585144,0.5800685265468848,0.001260931231993578,2.159501447146159,FALSE,-2.728656732645582,-99.57003630759493
936-2,49,13,13,36,36,FALSE,PET,-0.49327499853992457,0.5398052878371045,0.4995145732541765,0.01819684976260571,-0.9627432944328919,0.47266374771537445,0.24403281626990847,1.5615653245956793e-6,FALSE,-0.4694682958929673,-48.76360070308354
936-3,16,16,16,0,0,FALSE,PET,0.09350399885539651,0.05689626853826306,0.20917550311659083,0.5880340488880473,0.11951138232088575,0.03352909070500219,0.021499540927561026,0.0021513801607770788,FALSE,-0.02600738346548924,-21.76142804177423
939-1,68,61,61,7,7,FALSE,PET,0.3304484712609618,0.334379217364915,0.3361233669075864,3.953951293156349e-5,-1.3170428079065613,0.14123161092850295,1.1163022114759082e-8,0.022812061966888706,FALSE,-0.9865943366455995,-74.90981543825372
939-2,55,42,42,13,13,FALSE,PET,0.5071262635853643,0.35727913960179536,0.18238764951983794,0.0043350677285424,-0.5408348456624948,0.1290610836961811,0.0010506425676967252,1.4794991015989241e-7,FALSE,-0.03370858207713057,-6.232694203687872
952-1,13,13,13,0,0,FALSE,PEESE,0.11466532519479168,0.02727239791804125,0.002991492412051199,0.7573947075719,0.12233851705758199,0.027315372651152813,0.0016820174286018995,0.00537014395574076,FALSE,-0.007673191862790307,-6.272098148107116
952-2,16,16,16,0,0,FALSE,PEESE,0.10584808215516991,0.02007379078752821,0.0028759363701135105,0.5362239465147216,0.11942556094538838,0.019436715792108244,4.1585808514532787e-4,0.0012478154923839283,FALSE,-0.013577478790218464,-11.368988918902591
952-3,9,9,9,0,0,FALSE,PET,0.13258186322232068,0.058215091316517184,0.11307810859729674,0.7577785186690957,0.152815603043546,0.03626696221051264,0.005743210809345338,0.0031991105988153005,FALSE,-0.02023373982122531,-13.240624267575315
963-1,8,8,8,8,0,TRUE,PET,85.57041032514257,180.36999319918667,0.6812561795113731,0.20329422162110672,596.2384119514745,163.98898622596926,0.04371180046951574,43073.789238780024,FALSE,-510.66800162633194,-85.64828957512607
996-1,6,6,6,0,0,FALSE,PET,0.7310420302442204,0.5492997071881076,0.2803610650878882,0.8577901606034163,0.6166713658694359,0.11032870426035406,0.004663772998463248,0.005420361964982688,FALSE,0.11437066437478449,18.54645289286863
996-2,5,5,5,0,0,FALSE,PET,-0.5630661816041332,0.6971337471844938,0.5088726615269932,0.1395111462424825,0.6201409764137754,0.20538870584454783,0.041675444751289425,0.06328550813537766,FALSE,-0.05707479480964217,-9.203519357759754
996-3,6,6,6,0,0,FALSE,PET,0.22847392228799587,0.6517859685409456,0.7639150686293366,0.4505337138560065,0.882864963007897,0.24564612722405837,0.015959405349562257,0.14015485273836803,FALSE,-0.6543910407199011,-74.12130599116863
996-4,5,5,5,0,0,FALSE,PET,0.4649543441651058,1.2144871603190381,0.7555581213588854,0.7835169308499783,0.884828379176524,0.2241399326056304,0.017500826580645296,0.08839938858580348,FALSE,-0.41987403501141823,-47.45259588104294
996-5,6,6,6,0,0,FALSE,PET,-0.07882090271233505,0.6903607017979876,0.921833260487988,0.1998559804933627,1.232649284798969,0.23330468395176654,0.0034441573426322704,0.11731845708838418,FALSE,-1.153828382086634,-93.60556942803161
996-6,6,6,6,0,0,FALSE,PET,-0.06734306496175146,0.836472950991881,0.9421061997546181,0.3454389616346561,0.9458788182762,0.26431175851001,0.016142396524348547,0.167771639988429,FALSE,-0.8785357533144486,-92.88037075568732
